{
  "battle_won_mean": [
    0.0,
    0.0,
    0.0,
    0.003992015968063872,
    0.02663934426229508,
    0.2744186046511628,
    0.4268867924528302,
    0.37987012987012986,
    0.2413793103448276,
    0.16666666666666666,
    0.1318181818181818,
    0.15311004784688995,
    0.028409090909090908,
    0.0,
    0.0,
    0.0,
    0.0,
    0.0
  ],
  "battle_won_mean_T": [
    25,
    10029,
    20049,
    30058,
    40058,
    50073,
    60092,
    70104,
    80121,
    90121,
    100142,
    110146,
    120153,
    130159,
    140213,
    150255,
    160311,
    170331
  ],
  "dead_allies_mean": [
    3.0,
    2.978891820580475,
    2.997876857749469,
    2.992015968063872,
    2.9610655737704916,
    2.5348837209302326,
    2.259433962264151,
    1.9870129870129871,
    1.9770114942528736,
    1.9375,
    1.6590909090909092,
    1.2392344497607655,
    0.4772727272727273,
    0.1130952380952381,
    0.15976331360946747,
    0.125,
    0.14792899408284024,
    0.19411764705882353
  ],
  "dead_allies_mean_T": [
    25,
    10029,
    20049,
    30058,
    40058,
    50073,
    60092,
    70104,
    80121,
    90121,
    100142,
    110146,
    120153,
    130159,
    140213,
    150255,
    160311,
    170331
  ],
  "dead_enemies_mean": [
    0.0,
    0.002638522427440633,
    0.029723991507430998,
    0.23552894211576847,
    0.735655737704918,
    1.8581395348837209,
    2.188679245283019,
    1.7467532467532467,
    1.3103448275862069,
    1.1625,
    0.8,
    0.8660287081339713,
    0.22727272727272727,
    0.005952380952380952,
    0.07692307692307693,
    0.05952380952380952,
    0.03550295857988166,
    0.047058823529411764
  ],
  "dead_enemies_mean_T": [
    25,
    10029,
    20049,
    30058,
    40058,
    50073,
    60092,
    70104,
    80121,
    90121,
    100142,
    110146,
    120153,
    130159,
    140213,
    150255,
    160311,
    170331
  ],
  "ep_length_mean": [
    25.0,
    26.395778364116094,
    21.273885350318473,
    19.97804391217565,
    20.491803278688526,
    23.290697674418606,
    23.629716981132077,
    32.506493506493506,
    38.37931034482759,
    41.666666666666664,
    45.55,
    47.866028708133975,
    56.85795454545455,
    59.55952380952381,
    59.49112426035503,
    59.773809523809526,
    59.50295857988166,
    58.94117647058823
  ],
  "ep_length_mean_T": [
    25,
    10029,
    20049,
    30058,
    40058,
    50073,
    60092,
    70104,
    80121,
    90121,
    100142,
    110146,
    120153,
    130159,
    140213,
    150255,
    160311,
    170331
  ],
  "episode": [
    2268,
    3721,
    4610
  ],
  "episode_T": [
    50026,
    100034,
    150075
  ],
  "epsilon": [
    1.0,
    0.809848,
    0.6194680000000001,
    0.4293540000000001,
    0.23924000000000012,
    0.05,
    0.05,
    0.05,
    0.05,
    0.05,
    0.05,
    0.05,
    0.05,
    0.05,
    0.05,
    0.05,
    0.05,
    0.05
  ],
  "epsilon_T": [
    25,
    10029,
    20049,
    30058,
    40058,
    50073,
    60092,
    70104,
    80121,
    90121,
    100142,
    110146,
    120153,
    130159,
    140213,
    150255,
    160311,
    170331
  ],
  "grad_norm": [
    3.2815439701080322,
    2.9259345531463623,
    13.479535102844238,
    13.00110149383545,
    26.169397354125977,
    32.83238220214844,
    49.7967414855957,
    35.97950744628906,
    33.705997467041016,
    79.74578857421875,
    21.791982650756836,
    45.47880172729492,
    19.880647659301758,
    47.96211242675781,
    65.37996673583984,
    23.45358657836914,
    48.616737365722656,
    53.167015075683594
  ],
  "grad_norm_T": [
    899,
    10904,
    20919,
    30940,
    40950,
    50973,
    60999,
    71042,
    81081,
    91107,
    101108,
    111112,
    121113,
    131143,
    141173,
    151215,
    161262,
    171291
  ],
  "loss": [
    2.1630544662475586,
    1.575333595275879,
    2.047590732574463,
    1.9447394609451294,
    2.157618522644043,
    5.599789142608643,
    5.227897644042969,
    4.16649866104126,
    5.972748279571533,
    8.767489433288574,
    7.207245349884033,
    8.067086219787598,
    5.27203369140625,
    8.078880310058594,
    7.008716106414795,
    8.916504859924316,
    8.274775505065918,
    7.409878730773926
  ],
  "loss_T": [
    899,
    10904,
    20919,
    30940,
    40950,
    50973,
    60999,
    71042,
    81081,
    91107,
    101108,
    111112,
    121113,
    131143,
    141173,
    151215,
    161262,
    171291
  ],
  "q_taken_mean": [
    -0.020828017933880526,
    0.5098020052488966,
    2.728847173996914,
    4.187677163993363,
    5.373098048580786,
    6.040764311043566,
    5.608860778091208,
    5.3225685849834985,
    5.882206258549032,
    6.376622136291527,
    6.557964681774349,
    6.677705772751046,
    5.120356026785714,
    6.580997395833333,
    6.314804844693159,
    6.899508299530316,
    6.446585661822621,
    6.234637399534687
  ],
  "q_taken_mean_T": [
    899,
    10904,
    20919,
    30940,
    40950,
    50973,
    60999,
    71042,
    81081,
    91107,
    101108,
    111112,
    121113,
    131143,
    141173,
    151215,
    161262,
    171291
  ],
  "return_mean": [
    {
      "dtype": "float64",
      "py/object": "numpy.float64",
      "value": 2.3013698630136985
    },
    {
      "dtype": "float64",
      "py/object": "numpy.float64",
      "value": 1.7628221346730761
    },
    {
      "dtype": "float64",
      "py/object": "numpy.float64",
      "value": 2.5898845359625393
    },
    {
      "dtype": "float64",
      "py/object": "numpy.float64",
      "value": 3.7675881114483354
    },
    {
      "dtype": "float64",
      "py/object": "numpy.float64",
      "value": 5.514372333258477
    },
    {
      "dtype": "float64",
      "py/object": "numpy.float64",
      "value": 10.298438993309968
    },
    {
      "dtype": "float64",
      "py/object": "numpy.float64",
      "value": 12.540578960971825
    },
    {
      "dtype": "float64",
      "py/object": "numpy.float64",
      "value": 10.503113325031132
    },
    {
      "dtype": "float64",
      "py/object": "numpy.float64",
      "value": 7.675011809163911
    },
    {
      "dtype": "float64",
      "py/object": "numpy.float64",
      "value": 6.484703196347031
    },
    {
      "dtype": "float64",
      "py/object": "numpy.float64",
      "value": 4.829887920298878
    },
    {
      "dtype": "float64",
      "py/object": "numpy.float64",
      "value": 4.920233335518121
    },
    {
      "dtype": "float64",
      "py/object": "numpy.float64",
      "value": 1.1681195516811955
    },
    {
      "dtype": "float64",
      "py/object": "numpy.float64",
      "value": 0.09621656881930854
    },
    {
      "dtype": "float64",
      "py/object": "numpy.float64",
      "value": 0.2882386317581259
    },
    {
      "dtype": "float64",
      "py/object": "numpy.float64",
      "value": 0.23809523809523805
    },
    {
      "dtype": "float64",
      "py/object": "numpy.float64",
      "value": 0.16146551025370834
    },
    {
      "dtype": "float64",
      "py/object": "numpy.float64",
      "value": 0.21917808219178078
    }
  ],
  "return_mean_T": [
    25,
    10029,
    20049,
    30058,
    40058,
    50073,
    60092,
    70104,
    80121,
    90121,
    100142,
    110146,
    120153,
    130159,
    140213,
    150255,
    160311,
    170331
  ],
  "return_std": [
    {
      "dtype": "float64",
      "py/object": "numpy.float64",
      "value": 0.0
    },
    {
      "dtype": "float64",
      "py/object": "numpy.float64",
      "value": 0.6991666487810348
    },
    {
      "dtype": "float64",
      "py/object": "numpy.float64",
      "value": 0.8995364876009656
    },
    {
      "dtype": "float64",
      "py/object": "numpy.float64",
      "value": 1.5227701131683047
    },
    {
      "dtype": "float64",
      "py/object": "numpy.float64",
      "value": 2.7099400402010225
    },
    {
      "dtype": "float64",
      "py/object": "numpy.float64",