{
  "episode": [
    9,
    18,
    27,
    37,
    48,
    59,
    66,
    75,
    80,
    97,
    107,
    116,
    122,
    125,
    130,
    135,
    141,
    149,
    154,
    159,
    165
  ],
  "episode_T": [
    1097,
    2126,
    3207,
    4247,
    5275,
    6316,
    7356,
    8528,
    9750,
    10791,
    11990,
    12997,
    14057,
    15257,
    16493,
    17826,
    18852,
    19879,
    21205,
    22523,
    23658
  ],
  "epsilon": [
    1.0,
    0.982691,
    0.962266,
    0.945945,
    0.920428,
    0.9024920000000001,
    0.882789,
    0.862174,
    0.845568,
    0.82235,
    0.796092,
    0.7761990000000001,
    0.753969,
    0.734665,
    0.717717,
    0.6942330000000001,
    0.668906,
    0.6465240000000001,
    0.629899,
    0.604705,
    0.579663,
    0.558098,
    0.532163
  ],
  "epsilon_T": [
    56,
    1097,
    2126,
    3207,
    4247,
    5275,
    6316,
    7356,
    8528,
    9750,
    10791,
    11990,
    12997,
    14057,
    15257,
    16493,
    17826,
    18852,
    19879,
    21205,
    22523,
    23658,
    25023
  ],
  "grad_norm": [
    2.908517837524414,
    1.1032429933547974,
    0.6192783713340759,
    0.8794174790382385,
    0.9581597447395325,
    1.1476173400878906,
    0.5357391834259033,
    0.6876584887504578,
    1.2179107666015625,
    0.858060359954834,
    0.7228478789329529,
    0.8775245547294617,
    0.8417393565177917,
    0.6336742639541626,
    0.7650595307350159,
    1.1158497333526611,
    1.136288046836853,
    0.6894251704216003
  ],
  "grad_norm_T": [
    3907,
    4950,
    5978,
    7043,
    8058,
    9277,
    10308,
    11350,
    12549,
    13616,
    14857,
    16093,
    17293,
    18515,
    19879,
    21205,
    22523,
    23658
  ],
  "loss": [
    3.101717472076416,
    2.972928524017334,
    2.8808345794677734,
    2.305009126663208,
    2.716360092163086,
    2.6929237842559814,
    2.497299909591675,
    3.541288375854492,
    2.3373005390167236,
    2.3350636959075928,
    2.3870387077331543,
    2.1776208877563477,
    2.2991435527801514,
    2.248011827468872,
    1.7448688745498657,
    2.156236410140991,
    2.0485894680023193,
    1.6869205236434937
  ],
  "loss_T": [
    3907,
    4950,
    5978,
    7043,
    8058,
    9277,
    10308,
    11350,
    12549,
    13616,
    14857,
    16093,
    17293,
    18515,
    19879,
    21205,
    22523,
    23658
  ],
  "q_taken_mean": [
    -0.016303778854147504,
    0.09664455158397693,
    0.08435456574047472,
    0.08668615611176513,
    0.061744513296108396,
    0.055636841487971454,
    0.04466960404054643,
    0.09960794041299412,
    0.05980469322625638,
    0.0448323880351374,
    0.0682915334339444,
    0.03768438962426516,
    0.04855638335984165,
    0.04158399115512107,
    0.05780537550829864,
    0.012629104925033713,
    0.05992448043283681,
    0.02581420012978856
  ],
  "q_taken_mean_T": [
    3907,
    4950,
    5978,
    7043,
    8058,
    9277,
    10308,
    11350,
    12549,
    13616,
    14857,
    16093,
    17293,
    18515,
    19879,
    21205,
    22523,
    23658
  ],
  "target_max_qvals_max": [
    0.5631978511810303,
    0.5487363338470459,
    0.5457974076271057,
    0.6809874773025513,
    0.6809874773025513,
    0.5001779794692993,
    0.6048411726951599,
    0.5280432105064392,
    0.41933369636535645,
    0.4532316327095032,
    0.5280432105064392,
    0.5280432105064392,
    0.5287838578224182,
    0.48574185371398926,
    0.5280432105064392,
    0.4920765161514282,
    0.5608018040657043,
    0.4383717179298401
  ],
  "target_max_qvals_max_T": [
    3907,
    4950,
    5978,
    7043,
    8058,
    9277,
    10308,
    11350,
    12549,
    13616,
    14857,
    16093,
    17293,
    18515,
    19879,
    21205,
    22523,
    23658
  ],
  "target_max_qvals_mean": [
    0.0029346396741825567,
    0.004020831087846502,
    0.0014541348102574975,
    -0.00046269951708603486,
    -0.006370040784202837,
    -0.012030848106400505,
    -0.018821038449413147,
    -0.008157527807987097,
    -0.019607339736904792,
    -0.015121968651835254,
    -0.00541527786235699,
    -0.020051140360312886,
    -0.010496199338693652,
    -0.018923477907833566,
    -0.01263836571622209,
    -0.024332708446074214,
    -0.011020646012093537,
    -0.024369076281671873
  ],
  "target_max_qvals_mean_T": [
    3907,
    4950,
    5978,
    7043,
    8058,
    9277,
    10308,
    11350,
    12549,
    13616,
    14857,
    16093,
    17293,
    18515,
    19879,
    21205,
    22523,
    23658
  ],
  "target_max_qvals_min": [
    -0.3455079197883606,
    -0.3512551784515381,
    -0.40029966831207275,
    -0.3626552224159241,
    -0.5283961892127991,
    -0.5093116760253906,
    -0.5802197456359863,
    -0.5439414978027344,
    -0.4375631809234619,
    -0.4375631809234619,
    -0.336364209651947,
    -0.4375631809234619,
    -0.35072728991508484,
    -0.3650582730770111,
    -0.4286310076713562,
    -0.3418723940849304,
    -0.4593186378479004,
    -0.3418723940849304
  ],
  "target_max_qvals_min_T": [
    3907,
    4950,
    5978,
    7043,
    8058,
    9277,
    10308,
    11350,
    12549,
    13616,
    14857,
    16093,
    17293,
    18515,
    19879,
    21205,
    22523,
    23658
  ],
  "target_mean": [
    0.07378491923300726,
    0.08342859624323795,
    0.08481713798123675,
    0.06933834515266284,
    0.07363003328064704,
    0.07847180246256362,
    0.05467761240010463,
    0.11370412119618663,
    0.05976202419525214,
    0.05257484178298435,
    0.06356457006940297,
    0.04675084860017984,
    0.05926670892847421,
    0.040774385619751455,
    0.0546299574606706,
    0.028193202079316016,
    0.05674765234789383,
    0.023987854053098397
  ],
  "target_mean_T": [
    3907,
    4950,
    5978,
    7043,
    8058,
    9277,
    10308,
    11350,
    12549,
    13616,
    14857,
    16093,
    17293,
    18515,
    19879,
    21205,
    22523,
    23658
  ],
  "td_error_abs": [
    0.5157002980427758,
    0.7449838205336486,
    0.6947365076909476,
    0.6419166785578386,
    0.567816182297409,
    0.5842492130526435,
    0.5381036214744007,
    0.766635708041958,
    0.5651006635451159,
    0.50853217844131,
    0.5196443269502766,
    0.4984899841912902,
    0.5015580218606116,
    0.46383390582687545,
    0.4812278617237067,
    0.40775344150156284,
    0.4992581969552982,
    0.405568491997028
  ],
  "td_error_abs_T": [
    3907,
    4950,
    5978,
    7043,
    8058,
    9277,
    10308,
    11350,
    12549,
    13616,
    14857,
    16093,
    17293,
    18515,
    19879,
    21205,
    22523,
    23658
  ],
  "test_attacking_same_enemy_pos_mean": [
    330.98591549295776,
    237.2549019607843,
    91.50943396226415,
    10.875,
    5.0
  ],
  "test_attacking_same_enemy_pos_mean_T": [
    56,
    5132,
    10135,
    15257,
    20405
  ],
  "test_battle_won_mean": [
    0.0,
    0.0,
    0.0,
    0.0,
    0.0
  ],
  "test_battle_won_mean_T": [
    56,
    5132,
    10135,
    15257,
    20405
  ],
  "test_custom_coop_metrics_summed_mean": [
    {
      "dtype": "float64",
      "py/object": "numpy.float64",
      "value": 330.89636498734774
    },
    {
      "dtype": "float64",
      "py/object": "numpy.float64",
      "value": 237.16875391476879
    },
    {
      "dtype": "float64",
      "py/object": "numpy.float64",
      "value": 91.4529492517406
    },
    {
      "dtype": "float64",
      "py/object": "numpy.float64",
      "value": 10.862901852164416
    },
    {
      "dtype": "float64",
      "py/object": "numpy.float64",
      "value": 5.001125714277848
    }
  ],
  "test_custom_coop_metrics_summed_mean_T": [
    56,
    5132,
    10135,
    15257,
    20405
  ],
  "test_dead_allies_mean": [
    3.99,
    3.99,
    3.72,
    2.89,
    2.38
  ],
  "test_dead_allies_mean_T": [
    56,
    5132,
    10135,
    15257,
    20405
  ],
  "test_dead_enemies_mean": [
    5.87,
    5.95,
    7.82,
    7.81,
    7.99
  ],