{
  "battle_won_mean": [
    0.0,
    0.0,
    0.0,
    0.0
  ],
  "battle_won_mean_T": [
    39,
    10079,
    20086,
    30125
  ],
  "dead_allies_mean": [
    2.0,
    2.0,
    2.0,
    2.0
  ],
  "dead_allies_mean_T": [
    39,
    10079,
    20086,
    30125
  ],
  "dead_enemies_mean": [
    0.0,
    0.5258620689655172,
    0.890295358649789,
    1.6791666666666667
  ],
  "dead_enemies_mean_T": [
    39,
    10079,
    20086,
    30125
  ],
  "ep_length_mean": [
    39.0,
    43.275862068965516,
    42.22362869198312,
    41.829166666666666
  ],
  "ep_length_mean_T": [
    39,
    10079,
    20086,
    30125
  ],
  "episode": [
    116,
    233,
    351,
    471,
    591,
    711
  ],
  "episode_T": [
    5037,
    10079,
    15112,
    20126,
    25137,
    30161
  ],
  "epsilon": [
    1.0,
    0.980582,
    0.961487,
    0.941689,
    0.922328,
    0.902568,
    0.88296,
    0.86358,
    0.844048,
    0.824953,
    0.805269,
    0.786022,
    0.766775,
    0.747604,
    0.7280530000000001,
    0.7082740000000001,
    0.6884950000000001,
    0.6690200000000001,
    0.649678,
    0.630526,
    0.6113740000000001,
    0.5920510000000001,
    0.5727280000000001,
    0.553177,
    0.533626,
    0.5139230000000001,
    0.494904,
    0.47554300000000005,
    0.45603000000000005,
    0.4368590000000001,
    0.41766900000000007,
    0.398498,
    0.3788140000000001,
    0.35945300000000013
  ],
  "epsilon_T": [
    39,
    1067,
    2075,
    3111,
    4129,
    5173,
    6201,
    7224,
    8251,
    9257,
    10291,
    11307,
    12317,
    13327,
    14357,
    15398,
    16439,
    17460,
    18485,
    19486,
    20497,
    21510,
    22529,
    23559,
    24591,
    25621,
    26621,
    27656,
    28676,
    29677,
    30690,
    31699,
    32733,
    33757
  ],
  "grad_norm": [
    2.013460636138916,
    1.321500301361084,
    0.6096479296684265,
    1.1391545534133911,
    0.7686370611190796,
    1.3357608318328857,
    2.6360771656036377,
    1.9309803247451782,
    1.6076939105987549,
    4.702969551086426,
    1.1875709295272827,
    1.4522777795791626,
    0.7632794380187988,
    0.9377838373184204,
    1.6568716764450073,
    1.0606908798217773,
    1.6595851182937622,
    7.233312606811523,
    0.9582716822624207,
    1.0503695011138916,
    1.3367258310317993,
    0.60941481590271,
    0.8710395693778992,
    1.2390929460525513,
    1.2391043901443481,
    2.324692487716675,
    1.6089911460876465,
    1.6830661296844482,
    0.7958909273147583,
    1.1003830432891846,
    0.6325703263282776,
    1.141629934310913,
    1.4365564584732056
  ],
  "grad_norm_T": [
    1377,
    2421,
    3454,
    4484,
    5516,
    6539,
    7566,
    8595,
    9605,
    10634,
    11644,
    12679,
    13702,
    14703,
    15733,
    16748,
    17762,
    18790,
    19808,
    20828,
    21843,
    22858,
    23868,
    24877,
    25880,
    26907,
    27947,
    28991,
    30002,
    31022,
    32030,
    33070,
    34073
  ],
  "loss": [
    1.2355648279190063,
    0.822237491607666,
    0.7616626620292664,
    0.6657289862632751,
    0.6825603246688843,
    0.7694453001022339,
    0.7142876982688904,
    0.6108793616294861,
    0.6011894345283508,
    0.7245344519615173,
    0.5044489502906799,
    0.410907506942749,
    0.41463038325309753,
    0.3944014012813568,
    0.37398985028266907,
    0.3687836527824402,
    0.4008098840713501,
    0.5084580183029175,
    0.29768386483192444,
    0.286153644323349,
    0.309819757938385,
    0.3144300878047943,
    0.2837287485599518,
    0.2840917408466339,
    0.32020488381385803,
    0.41416263580322266,
    0.338407963514328,
    0.33554181456565857,
    0.32816606760025024,
    0.3018600642681122,
    0.2817189395427704,
    0.3236110508441925,
    0.3267686367034912
  ],
  "loss_T": [
    1377,
    2421,
    3454,
    4484,
    5516,
    6539,
    7566,
    8595,
    9605,
    10634,
    11644,
    12679,
    13702,
    14703,
    15733,
    16748,
    17762,
    18790,
    19808,
    20828,
    21843,
    22858,
    23868,
    24877,
    25880,
    26907,
    27947,
    28991,
    30002,
    31022,
    32030,
    33070,
    34073
  ],
  "q_taken_mean": [
    0.16611578781360634,
    0.2429399731357175,
    0.19097878276437952,
    0.16431236932598786,
    0.1893897999244679,
    0.25734859722348763,
    0.294946630065141,
    0.2514649934508037,
    0.22451890901077626,
    0.6691461062298141,
    0.5259085886101974,
    0.6726468022757407,
    0.5796190824122788,
    0.6168858827260147,
    0.6438470986125981,
    0.6254601605644066,
    0.5679252442465429,
    0.6864173315853053,
    0.7459319891957189,
    0.7562381352219626,
    0.8294327540075982,
    0.8137894700074516,
    0.8126122901984422,
    0.7584924146740124,
    0.7649858036747685,
    1.0254666448353293,
    0.8906927574819931,
    0.9855997571206181,
    0.9270871499088349,
    0.9610389437192735,
    0.9643564715681012,
    0.9993248693273002,
    0.9642810639880952
  ],
  "q_taken_mean_T": [
    1377,
    2421,
    3454,
    4484,
    5516,
    6539,
    7566,
    8595,
    9605,
    10634,
    11644,
    12679,
    13702,
    14703,
    15733,
    16748,
    17762,
    18790,
    19808,
    20828,
    21843,
    22858,
    23868,
    24877,
    25880,
    26907,
    27947,
    28991,
    30002,
    31022,
    32030,
    33070,
    34073
  ],
  "return_mean": [
    {
      "dtype": "float64",
      "py/object": "numpy.float64",
      "value": 3.324811662946428
    },
    {
      "dtype": "float64",
      "py/object": "numpy.float64",
      "value": 3.7128698038937418
    },
    {
      "dtype": "float64",
      "py/object": "numpy.float64",
      "value": 4.364776850465265
    },
    {
      "dtype": "float64",
      "py/object": "numpy.float64",
      "value": 5.136245800199962
    }
  ],
  "return_mean_T": [
    39,
    10079,
    20086,
    30125
  ],
  "return_std": [
    {
      "dtype": "float64",
      "py/object": "numpy.float64",
      "value": 0.0
    },
    {
      "dtype": "float64",
      "py/object": "numpy.float64",
      "value": 0.8412696325652074
    },
    {
      "dtype": "float64",
      "py/object": "numpy.float64",
      "value": 0.8761393849484889
    },
    {
      "dtype": "float64",
      "py/object": "numpy.float64",
      "value": 1.1101995304541494
    }
  ],
  "return_std_T": [
    39,
    10079,
    20086,
    30125
  ],
  "target_mean": [
    0.22534782503858025,
    0.20197229488662002,
    0.2025887751924819,
    0.19668883638455165,
    0.2059887642468209,
    0.2291332278237746,
    0.2252162517887531,
    0.22300364140789244,
    0.23724733397018077,
    0.5795250578299581,
    0.5558072060032895,
    0.6481641142928173,
    0.5744460442162662,
    0.6283629695427814,
    0.6050841108889855,
    0.6040613460674527,
    0.6016900427343185,
    0.8425885680093931,
    0.751734298088647,
    0.7408836030171639,
    0.810439373494255,
    0.818539842585693,
    0.8214216373794511,
    0.7831105230145848,
    0.7911913158275463,
    0.9870557042652975,
    0.9017179949626185,
    1.0162545404750922,
    0.9418909250369276,
    0.9506428740099235,
    0.9629062142632094,
    0.9795315425508203,
    0.9842535556891026
  ],
  "target_mean_T": [
    1377,
    2421,
    3454,
    4484,
    5516,
    6539,
    7566,
    8595,
    9605,
    10634,
    11644,
    12679,
    13702,
    14703,
    15733,
    16748,
    17762,
    18790,
    19808,
    20828,
    21843,
    22858,
    23868,
    24877,
    25880,
    26907,
    27947,
    28991,
    30002,
    31022,
    32030,
    33070,
    34073
  ],