{
  "attacking_same_enemy_reward_count": [
    270,
    801
  ],
  "attacking_same_enemy_reward_count_T": [
    34,
    1054
  ],
  "episode": [
    29
  ],
  "episode_T": [
    1022
  ],
  "epsilon": [
    1.0,
    0.980582
  ],
  "epsilon_T": [
    34,
    1054
  ],
  "grad_norm": [
    5.543301105499268,
    3.1475720405578613,
    1.344988465309143,
    0.8554089069366455
  ],
  "grad_norm_T": [
    1124,
    1229,
    1334,
    1440
  ],
  "loss": [
    1.5038610696792603,
    1.2709081172943115,
    1.1881510019302368,
    1.1462665796279907
  ],
  "loss_T": [
    1124,
    1229,
    1334,
    1440
  ],
  "not_attacking_summed_reward_count": [
    0,
    0
  ],
  "not_attacking_summed_reward_count_T": [
    34,
    1054
  ],
  "q_taken_mean": [
    0.05522691991405555,
    0.16689241363001406,
    0.12105187955844497,
    0.11963816955026273
  ],
  "q_taken_mean_T": [
    1124,
    1229,
    1334,
    1440
  ],
  "target_max_qvals_mean": [
    0.11390293252567096,
    0.11195784591936797,
    0.10819088733403916,
    0.10337286755047013
  ],
  "target_max_qvals_mean_T": [
    1124,
    1229,
    1334,
    1440
  ],
  "target_mean": [
    0.1335559089271482,
    0.13340003113551843,
    0.13236016948419507,
    0.12341628173107946
  ],
  "target_mean_T": [
    1124,
    1229,
    1334,
    1440
  ],
  "td_error_abs": [
    0.7941717507576179,
    0.9837302822838033,
    0.8652910852558957,
    0.8389123967263551
  ],
  "td_error_abs_T": [
    1124,
    1229,
    1334,
    1440
  ],
  "team_up_max_distance_delta": [
    {
      "dtype": "float32",
      "py/object": "numpy.float32",
      "value": 0.38235902786254883
    },
    {
      "dtype": "float32",
      "py/object": "numpy.float32",
      "value": 0.47532200813293457
    }
  ],
  "team_up_max_distance_delta_T": [
    34,
    1054
  ],
  "team_up_min_distance_delta": [
    {
      "dtype": "float32",
      "py/object": "numpy.float32",
      "value": -0.9726499915122986
    },
    {
      "dtype": "float32",
      "py/object": "numpy.float32",
      "value": -0.9979336261749268
    }
  ],
  "team_up_min_distance_delta_T": [
    34,
    1054
  ],
  "team_up_reward_count": [
    204,
    603
  ],
  "team_up_reward_count_T": [
    34,
    1054
  ],
  "test_attacking_same_enemy_pos_mean": [
    0.060000000000000005,
    0.0523529411764706
  ],
  "test_attacking_same_enemy_pos_mean_T": [
    34,
    1054
  ],
  "test_battle_won_mean": [
    0.0,
    0.0
  ],
  "test_battle_won_mean_T": [
    34,
    1054
  ],
  "test_custom_coop_metrics_summed_mean": [
    {
      "dtype": "float64",
      "py/object": "numpy.float64",
      "value": 0.16196323975665228
    },
    {
      "dtype": "float64",
      "py/object": "numpy.float64",
      "value": 0.08289561445134529
    }
  ],
  "test_custom_coop_metrics_summed_mean_T": [
    34,
    1054
  ],
  "test_dead_allies_mean": [
    6.0,
    6.0
  ],
  "test_dead_allies_mean_T": [
    34,
    1054
  ],
  "test_dead_enemies_mean": [
    0.9,
    1.3
  ],
  "test_dead_enemies_mean_T": [
    34,
    1054
  ],
  "test_ep_length_mean": [
    37.25,
    43.05
  ],
  "test_ep_length_mean_T": [
    34,
    1054
  ],
  "test_not_attacking_summed_neg_mean": [
    -0.002285714285714286,
    -0.0032352941176470584
  ],
  "test_not_attacking_summed_neg_mean_T": [
    34,
    1054
  ],
  "test_only_built_in_return_mean": [
    {
      "dtype": "float64",
      "py/object": "numpy.float64",
      "value": 1.0309833526611327
    },
    {
      "dtype": "float64",
      "py/object": "numpy.float64",
      "value": 1.1305412292480468
    }
  ],
  "test_only_built_in_return_mean_T": [
    34,
    1054
  ],
  "test_only_built_in_return_std": [
    {
      "dtype": "float64",
      "py/object": "numpy.float64",
      "value": 0.48371787800182386
    },
    {
      "dtype": "float64",
      "py/object": "numpy.float64",
      "value": 0.45731249203491386
    }
  ],
  "test_only_built_in_return_std_T": [
    34,
    1054
  ],
  "test_only_custom_return_mean": [
    {
      "dtype": "float64",
      "py/object": "numpy.float64",
      "value": 0.0
    },
    {
      "dtype": "float64",
      "py/object": "numpy.float64",
      "value": 0.0
    }
  ],
  "test_only_custom_return_mean_T": [
    34,
    1054
  ],
  "test_only_custom_return_std": [
    {
      "dtype": "float64",
      "py/object": "numpy.float64",
      "value": 0.0
    },
    {
      "dtype": "float64",
      "py/object": "numpy.float64",
      "value": 0.0
    }
  ],
  "test_only_custom_return_std_T": [
    34,
    1054
  ],
  "test_running_to_enemy_pos_mean": [
    {
      "dtype": "float64",
      "py/object": "numpy.float64",
      "value": 0.0005101602277585439
    },
    {
      "dtype": "float64",
      "py/object": "numpy.float64",
      "value": 0.0006844051489058665
    }
  ],
  "test_running_to_enemy_pos_mean_T": [
    34,
    1054
  ],
  "test_summed_return_mean": [
    {
      "dtype": "float64",
      "py/object": "numpy.float64",
      "value": 1.0309833526611327
    },
    {
      "dtype": "float64",
      "py/object": "numpy.float64",
      "value": 1.1305412292480468
    }
  ],
  "test_summed_return_mean_T": [
    34,
    1054
  ],
  "test_summed_return_std": [
    {
      "dtype": "float64",
      "py/object": "numpy.float64",
      "value": 0.48371787800182386
    },
    {
      "dtype": "float64",
      "py/object": "numpy.float64",
      "value": 0.45731249203491386
    }
  ],
  "test_summed_return_std_T": [
    34,
    1054
  ],
  "test_team_up_pos_mean": [
    0.10285714285714283,
    0.032352941176470584
  ],
  "test_team_up_pos_mean_T": [
    34,
    1054
  ]
}