{
  "battle_won_mean": [
    0.0
  ],
  "battle_won_mean_T": [
    10045
  ],
  "dead_allies_mean": [
    2.0
  ],
  "dead_allies_mean_T": [
    10045
  ],
  "dead_enemies_mean": [
    0.46382978723404256
  ],
  "dead_enemies_mean_T": [
    10045
  ],
  "ep_length_mean": [
    42.744680851063826
  ],
  "ep_length_mean_T": [
    10045
  ],
  "episode": [
    118,
    235
  ],
  "episode_T": [
    5042,
    10045
  ],
  "epsilon": [
    1.0,
    0.980772,
    0.96162,
    0.941917,
    0.922442,
    0.903423,
    0.883834,
    0.864188,
    0.844732,
    0.825181
  ],
  "epsilon_T": [
    45,
    1055,
    2060,
    3098,
    4123,
    5131,
    6165,
    7191,
    8211,
    9243
  ],
  "grad_norm": [
    2.202814817428589,
    0.3273003399372101,
    0.882801353931427,
    0.4640260636806488,
    0.5269233584403992,
    0.6307264566421509,
    0.7274251580238342,
    0.6983046531677246,
    0.6760149002075195
  ],
  "grad_norm_T": [
    1352,
    2368,
    3402,
    4414,
    5429,
    6456,
    7481,
    8515,
    9526
  ],
  "loss": [
    1.0407675504684448,
    0.6698894500732422,
    0.6632523536682129,
    0.6331973671913147,
    0.6489598155021667,
    0.5749252438545227,
    0.6345797181129456,
    0.5791769623756409,
    0.533649742603302
  ],
  "loss_T": [
    1352,
    2368,
    3402,
    4414,
    5429,
    6456,
    7481,
    8515,
    9526
  ],
  "q_taken_mean": [
    0.12119228882197092,
    0.15624289441464553,
    0.08542268725409025,
    0.12790808491710356,
    0.16025844067010483,
    0.15590160406310272,
    0.14767886085313764,
    0.15400130038044352,
    0.16233330530836093
  ],
  "q_taken_mean_T": [
    1352,
    2368,
    3402,
    4414,
    5429,
    6456,
    7481,
    8515,
    9526
  ],
  "return_mean": [
    {
      "dtype": "float64",
      "py/object": "numpy.float64",
      "value": 3.5881968025740876
    }
  ],
  "return_mean_T": [
    10045
  ],
  "return_std": [
    {
      "dtype": "float64",
      "py/object": "numpy.float64",
      "value": 0.8124768202772625
    }
  ],
  "return_std_T": [
    10045
  ],
  "target_mean": [
    0.1989202781541813,
    0.1517196199787197,
    0.12063881694406703,
    0.11998105978948216,
    0.15310598025740968,
    0.1458489658375333,
    0.15510940832456654,
    0.1548534959073284,
    0.1641800566751173
  ],
  "target_mean_T": [
    1352,
    2368,
    3402,
    4414,
    5429,
    6456,
    7481,
    8515,
    9526
  ],
  "td_error_abs": [
    0.5864595943654077,
    0.49273576878789643,
    0.4744065879047781,
    0.45433595726119846,
    0.46443184026359385,
    0.4384405064635378,
    0.4530272718910964,
    0.4341730462296944,
    0.453805863111663
  ],
  "td_error_abs_T": [
    1352,
    2368,
    3402,
    4414,
    5429,
    6456,
    7481,
    8515,
    9526
  ],
  "test_battle_won_mean": [
    0.0,
    0.0
  ],
  "test_battle_won_mean_T": [
    45,
    5083
  ],
  "test_dead_allies_mean": [
    2.0,
    2.0
  ],
  "test_dead_allies_mean_T": [
    45,
    5083
  ],
  "test_dead_enemies_mean": [
    2.31,
    3.02
  ],
  "test_dead_enemies_mean_T": [
    45,
    5083
  ],
  "test_ep_length_mean": [
    44.53,
    45.71
  ],
  "test_ep_length_mean_T": [
    45,
    5083
  ],
  "test_return_mean": [
    {
      "dtype": "float64",
      "py/object": "numpy.float64",
      "value": 4.1675146484375
    },
    {
      "dtype": "float64",
      "py/object": "numpy.float64",
      "value": 6.0287930733816975
    }
  ],
  "test_return_mean_T": [
    45,
    5083
  ],
  "test_return_std": [
    {
      "dtype": "float64",
      "py/object": "numpy.float64",
      "value": 1.2102836688208336
    },
    {
      "dtype": "float64",
      "py/object": "numpy.float64",
      "value": 1.6256206448739996
    }
  ],
  "test_return_std_T": [
    45,
    5083
  ]
}