{
  "custom_coop_summed_mean": [
    0.0,
    0.0,
    0.0,
    0.0,
    0.0,
    0.0,
    0.0,
    0.0,
    0.0,
    0.0
  ],
  "custom_coop_summed_mean_T": [
    50,
    50076,
    100104,
    150134,
    200176,
    250217,
    300246,
    350266,
    400294,
    450319
  ],
  "episode": [
    1125,
    2143,
    3161,
    4177,
    5191,
    6216,
    7237,
    8268,
    9288
  ],
  "episode_T": [
    50026,
    100054,
    150084,
    200126,
    250167,
    300196,
    350216,
    400244,
    450269
  ],
  "epsilon": [
    1.0,
    0.80924,
    0.6191450000000001,
    0.42851800000000007,
    0.23823300000000014,
    0.05,
    0.05,
    0.05,
    0.05,
    0.05,
    0.05,
    0.05,
    0.05,
    0.05,
    0.05,
    0.05,
    0.05,
    0.05,
    0.05,
    0.05,
    0.05,
    0.05,
    0.05,
    0.05,
    0.05,
    0.05,
    0.05,
    0.05,
    0.05,
    0.05,
    0.05,
    0.05,
    0.05,
    0.05,
    0.05,
    0.05,
    0.05,
    0.05,
    0.05,
    0.05,
    0.05,
    0.05,
    0.05,
    0.05,
    0.05,
    0.05,
    0.05
  ],
  "epsilon_T": [
    50,
    10090,
    20095,
    30128,
    40143,
    50176,
    60198,
    70227,
    80275,
    90292,
    100302,
    110304,
    120331,
    130333,
    140348,
    150384,
    160409,
    170419,
    180430,
    190433,
    200476,
    210498,
    220518,
    230521,
    240521,
    250567,
    260600,
    270604,
    280622,
    290628,
    300646,
    310647,
    320662,
    330663,
    340680,
    350716,
    360749,
    370791,
    380823,
    390848,
    400894,
    410932,
    420967,
    431003,
    441036,
    451056,
    461091
  ],
  "grad_norm": [
    888.7822875976562,
    13.58932876586914,
    29.76703453063965,
    78.55244445800781,
    61.31517791748047,
    26.729228973388672,
    46.65583038330078,
    97.79637145996094,
    70.68144226074219,
    93.93971252441406,
    325.7049255371094,
    76.52478790283203,
    329.2306213378906,
    76.46771240234375,
    92.33855438232422,
    229.48802185058594,
    169.38235473632812,
    303.17523193359375,
    114.99330139160156,
    295.26104736328125,
    620.254638671875,
    293.05023193359375,
    75.60977935791016,
    321.4834899902344,
    519.7732543945312,
    167.6781768798828,
    299.56671142578125,
    68.5202407836914,
    103.89726257324219,
    99.61893463134766,
    792.5921630859375,
    231.6849822998047,
    324.23614501953125,
    182.123046875,
    367.2146301269531,
    160.48846435546875,
    243.4726104736328,
    273.6821594238281,
    601.8197631835938,
    62.06488037109375,
    596.594482421875,
    163.886474609375,
    75.98029327392578,
    74.83143615722656,
    430.85906982421875,
    268.9110412597656,
    112.63231658935547
  ],
  "grad_norm_T": [
    1200,
    11238,
    21264,
    31285,
    41293,
    51332,
    61348,
    71377,
    81425,
    91442,
    101452,
    111454,
    121481,
    131486,
    141517,
    151534,
    161577,
    171619,
    181654,
    191683,
    201683,
    211703,
    221718,
    231732,
    241746,
    251780,
    261811,
    271849,
    281872,
    291892,
    301896,
    311897,
    321914,
    331942,
    341980,
    352011,
    362012,
    372041,
    382083,
    392098,
    402120,
    412132,
    422167,
    432208,
    442236,
    452279,
    462296
  ],
  "loss": [
    55.01499938964844,
    4.003281116485596,
    7.747086048126221,
    10.499834060668945,
    10.09211540222168,
    9.580822944641113,
    9.559078216552734,
    9.214077949523926,
    12.469060897827148,
    12.287920951843262,
    20.43695068359375,
    16.28651237487793,
    24.56391716003418,
    27.546846389770508,
    29.022478103637695,
    15.597282409667969,
    31.305431365966797,
    29.335935592651367,
    22.63436508178711,
    32.327415466308594,
    37.62092590332031,
    43.04179382324219,
    31.913665771484375,
    21.72491455078125,
    59.41349411010742,
    36.97245788574219,
    37.69257354736328,
    33.36478042602539,
    34.52806854248047,
    30.12091636657715,
    57.161468505859375,
    32.84518051147461,
    74.0898208618164,
    52.50703430175781,
    75.01632690429688,
    37.61085891723633,
    85.8715591430664,
    53.51918411254883,
    76.32313537597656,
    50.155677795410156,
    61.18986511230469,
    40.371665954589844,
    47.282047271728516,
    37.60214614868164,
    40.14612579345703,
    51.436439514160156,
    32.92130661010742
  ],
  "loss_T": [
    1200,
    11238,
    21264,
    31285,
    41293,
    51332,
    61348,
    71377,
    81425,
    91442,
    101452,
    111454,
    121481,
    131486,
    141517,
    151534,
    161577,
    171619,
    181654,
    191683,
    201683,
    211703,
    221718,
    231732,
    241746,
    251780,
    261811,
    271849,
    281872,
    291892,
    301896,
    311897,
    321914,
    331942,
    341980,
    352011,
    362012,
    372041,
    382083,
    392098,
    402120,
    412132,
    422167,
    432208,
    442236,
    452279,
    462296
  ],
  "meta_learner_loss_mean": [
    0.0,
    NaN,
    NaN,
    0.001238656512767096,
    0.0008702818585678288,
    0.0004806538820957869,
    0.0006466695423459896,
    0.0007603735177942089,
    0.00046901224238216874,
    0.0008733077355663151
  ],
  "meta_learner_loss_mean_T": [
    50,
    50076,
    100104,
    150134,
    200176,
    250217,
    300246,
    350266,
    400294,
    450319
  ],
  "q_taken_mean": [
    3.496104736328125,
    5.705823957157637,
    8.689956297652488,
    9.362458359771574,
    10.406798776272124,
    10.051269198859769,
    9.953682132419065,
    9.1336636444398,
    10.899835670808233,
    10.95654565900482,
    12.99237316291432,
    12.344434716235632,
    14.524908871574198,
    14.069680719921104,
    14.945882892731065,
    11.465563056229774,
    14.183479640794838,
    14.37075899889729,
    12.92053046630094,
    13.587907804042626,
    15.570608388704319,
    17.12885956175299,
    14.707137626662444,
    13.105867900545634,
    21.718700421676687,
    15.658716364269331,
    15.5850732421875,
    16.336829833984375,
    15.948619384765625,
    14.557210952249843,
    18.649665638880077,
    15.69042405709481,
    24.010692660923276,
    19.30395263671875,
    25.088066159018986,
    16.18959079019824,
    27.237649835631814,
    19.776441160089114,
    24.836535915091265,
    18.80626854232595,
    21.895804697606728,
    17.14385323485562,
    18.751606461012862,
    16.378302001953124,
    15.560332556935817,
    19.930351408102766,
    13.337726920132173
  ],
  "q_taken_mean_T": [
    1200,
    11238,
    21264,
    31285,
    41293,
    51332,
    61348,
    71377,
    81425,
    91442,
    101452,
    111454,
    121481,
    131486,
    141517,
    151534,
    161577,
    171619,
    181654,
    191683,
    201683,
    211703,
    221718,
    231732,
    241746,
    251780,
    261811,
    271849,
    281872,
    291892,
    301896,
    311897,
    321914,
    331942,
    341980,
    352011,
    362012,
    372041,
    382083,
    392098,
    402120,
    412132,
    422167,
    432208,
    442236,
    452279,
    462296
  ],