{
  "battle_won_mean": [
    0.0,
    0.0,
    0.0,
    0.0,
    0.0,
    0.0,
    0.0,
    0.0,
    0.0,
    0.0
  ],
  "battle_won_mean_T": [
    61,
    1090,
    2092,
    3103,
    4129,
    5149,
    6162,
    7166,
    8199,
    9244
  ],
  "dead_allies_mean": [
    6.0,
    6.0,
    6.0,
    6.0,
    6.0,
    6.0,
    6.0,
    6.0,
    6.0,
    6.0
  ],
  "dead_allies_mean_T": [
    61,
    1090,
    2092,
    3103,
    4129,
    5149,
    6162,
    7166,
    8199,
    9244
  ],
  "dead_enemies_mean": [
    1.0,
    2.611111111111111,
    2.3529411764705883,
    1.7058823529411764,
    2.4444444444444446,
    2.5555555555555554,
    2.8333333333333335,
    2.111111111111111,
    3.0,
    3.0555555555555554
  ],
  "dead_enemies_mean_T": [
    61,
    1090,
    2092,
    3103,
    4129,
    5149,
    6162,
    7166,
    8199,
    9244
  ],
  "ep_length_mean": [
    61.0,
    57.166666666666664,
    58.94117647058823,
    59.470588235294116,
    57.0,
    56.666666666666664,
    56.27777777777778,
    55.77777777777778,
    57.388888888888886,
    58.05555555555556
  ],
  "ep_length_mean_T": [
    61,
    1090,
    2092,
    3103,
    4129,
    5149,
    6162,
    7166,
    8199,
    9244
  ],
  "episode": [
    87,
    175
  ],
  "episode_T": [
    5037,
    10056
  ],
  "epsilon": [
    1.0,
    0.980316,
    0.961278,
    0.942164,
    0.922575,
    0.903176,
    0.884024,
    0.8648720000000001,
    0.845511,
    0.825485
  ],
  "epsilon_T": [
    61,
    1090,
    2092,
    3103,
    4129,
    5149,
    6162,
    7166,
    8199,
    9244
  ],
  "grad_norm": [
    3.725712537765503,
    0.6547921299934387,
    0.5126238465309143,
    0.5239430069923401,
    0.28454551100730896,
    0.896128237247467,
    1.9428153038024902,
    0.5699204206466675,
    0.6349892020225525
  ],
  "grad_norm_T": [
    1843,
    2855,
    3906,
    4924,
    5935,
    6944,
    7958,
    9007,
    10056
  ],
  "loss": [
    1.2174910306930542,
    0.8456923365592957,
    0.8394626379013062,
    0.8338612914085388,
    0.7296419739723206,
    0.7821751236915588,
    0.8329389095306396,
    0.8154438138008118,
    0.7627948522567749
  ],
  "loss_T": [
    1843,
    2855,
    3906,
    4924,
    5935,
    6944,
    7958,
    9007,
    10056
  ],
  "q_taken_mean": [
    0.015423174985905284,
    0.06808094838787027,
    0.03500782113254875,
    0.03486100896677834,
    0.021171254038021264,
    0.020774962804561675,
    0.01914479079810239,
    0.02346139880914512,
    0.030095902700272816
  ],
  "q_taken_mean_T": [
    1843,
    2855,
    3906,
    4924,
    5935,
    6944,
    7958,
    9007,
    10056
  ],
  "return_mean": [
    {
      "dtype": "float64",
      "py/object": "numpy.float64",
      "value": 4.911430027173912
    },
    {
      "dtype": "float64",
      "py/object": "numpy.float64",
      "value": 6.149515492904589
    },
    {
      "dtype": "float64",
      "py/object": "numpy.float64",
      "value": 6.036229594589194
    },
    {
      "dtype": "float64",
      "py/object": "numpy.float64",
      "value": 5.170142912803708
    },
    {
      "dtype": "float64",
      "py/object": "numpy.float64",
      "value": 6.252418997207126
    },
    {
      "dtype": "float64",
      "py/object": "numpy.float64",
      "value": 5.9417341296799515
    },
    {
      "dtype": "float64",
      "py/object": "numpy.float64",
      "value": 5.930213522795894
    },
    {
      "dtype": "float64",
      "py/object": "numpy.float64",
      "value": 5.740285090202295
    },
    {
      "dtype": "float64",
      "py/object": "numpy.float64",
      "value": 6.507585461012983
    },
    {
      "dtype": "float64",
      "py/object": "numpy.float64",
      "value": 6.27324348486564
    }
  ],
  "return_mean_T": [
    61,
    1090,
    2092,
    3103,
    4129,
    5149,
    6162,
    7166,
    8199,
    9244
  ],
  "return_std": [
    {
      "dtype": "float64",
      "py/object": "numpy.float64",
      "value": 0.0
    },
    {
      "dtype": "float64",
      "py/object": "numpy.float64",
      "value": 1.1135764573445277
    },
    {
      "dtype": "float64",
      "py/object": "numpy.float64",
      "value": 1.0691175166615947
    },
    {
      "dtype": "float64",
      "py/object": "numpy.float64",
      "value": 0.8161718474755175
    },
    {
      "dtype": "float64",
      "py/object": "numpy.float64",
      "value": 1.1568567781682388
    },
    {
      "dtype": "float64",
      "py/object": "numpy.float64",
      "value": 0.9913426424892915
    },
    {
      "dtype": "float64",
      "py/object": "numpy.float64",
      "value": 1.210918470423086
    },
    {
      "dtype": "float64",
      "py/object": "numpy.float64",
      "value": 0.8187269986455433
    },
    {
      "dtype": "float64",
      "py/object": "numpy.float64",
      "value": 1.2626297164302691
    },
    {
      "dtype": "float64",
      "py/object": "numpy.float64",
      "value": 1.3806956635685994
    }
  ],
  "return_std_T": [
    61,
    1090,
    2092,
    3103,
    4129,
    5149,
    6162,
    7166,
    8199,
    9244
  ],
  "target_mean": [
    0.06280494396025502,
    0.05677049352304158,
    0.04132317039419254,
    0.035565692806636774,
    0.02292273481423755,
    0.029250999227020562,
    0.03819667383422964,
    0.029496086968315974,
    0.035600216549760345
  ],
  "target_mean_T": [
    1843,
    2855,
    3906,
    4924,
    5935,
    6944,
    7958,
    9007,
    10056
  ],
  "td_error_abs": [
    0.7247301868556701,
    0.666730598923481,
    0.6153828635144589,
    0.6217034456231528,
    0.5831005104856513,
    0.5855676441834623,
    0.595626772140444,
    0.6026629883872828,
    0.5698272603690823
  ],
  "td_error_abs_T": [
    1843,
    2855,
    3906,
    4924,
    5935,
    6944,
    7958,
    9007,
    10056
  ],
  "test_battle_won_mean": [
    0.0,
    0.0
  ],
  "test_battle_won_mean_T": [
    61,
    5096
  ],
  "test_dead_allies_mean": [
    6.0,
    6.0
  ],
  "test_dead_allies_mean_T": [
    61,
    5096
  ],
  "test_dead_enemies_mean": [
    0.44,
    5.07
  ],
  "test_dead_enemies_mean_T": [
    61,
    5096
  ],
  "test_ep_length_mean": [
    80.31,
    63.34
  ],
  "test_ep_length_mean_T": [
    61,
    5096
  ],
  "test_return_mean": [
    {
      "dtype": "float64",
      "py/object": "numpy.float64",
      "value": 0.4731505816915761
    },
    {
      "dtype": "float64",
      "py/object": "numpy.float64",
      "value": 5.34116890285326
    }
  ],
  "test_return_mean_T": [
    61,
    5096
  ],
  "test_return_std": [
    {
      "dtype": "float64",
      "py/object": "numpy.float64",
      "value": 0.49496045203450306
    },
    {
      "dtype": "float64",
      "py/object": "numpy.float64",
      "value": 2.5196108192264304
    }
  ],
  "test_return_std_T": [
    61,
    5096
  ]
}