{
  "episode": [
    117
  ],
  "episode_T": [
    5019
  ],
  "epsilon": [
    1.0,
    0.980392,
    0.961107,
    0.941442,
    0.9217770000000001,
    0.902131,
    0.882979,
    0.8639220000000001
  ],
  "epsilon_T": [
    42,
    1079,
    2093,
    3123,
    4160,
    5191,
    6202,
    7206
  ],
  "grad_norm": [
    2.250298261642456,
    0.5371025204658508,
    1.0998380184173584,
    1.074170708656311,
    0.7427000999450684,
    0.5733279585838318
  ],
  "grad_norm_T": [
    1380,
    2391,
    3426,
    4457,
    5500,
    6504
  ],
  "loss": [
    1.2345470190048218,
    0.9038217663764954,
    0.757485032081604,
    0.7533607482910156,
    0.705852210521698,
    0.7359371781349182
  ],
  "loss_T": [
    1380,
    2391,
    3426,
    4457,
    5500,
    6504
  ],
  "q_taken_mean": [
    -0.15074731577997622,
    -0.0483062162427259,
    -0.10967919636955234,
    -0.07462346055275014,
    -0.13689099085940312,
    -0.08590298739346591
  ],
  "q_taken_mean_T": [
    1380,
    2391,
    3426,
    4457,
    5500,
    6504
  ],
  "target_mean": [
    -0.05990731059641078,
    -0.06835723832205944,
    -0.07961266515552345,
    -0.10074316012185895,
    -0.11083441693805121,
    -0.08293376020951705
  ],
  "target_mean_T": [
    1380,
    2391,
    3426,
    4457,
    5500,
    6504
  ],
  "td_error_abs": [
    0.6095553633095562,
    0.5974839733492944,
    0.5107310578216174,
    0.5089445834814059,
    0.4752401155563805,
    0.5083353160511364
  ],
  "td_error_abs_T": [
    1380,
    2391,
    3426,
    4457,
    5500,
    6504
  ],
  "test_battle_won_mean": [
    0.0,
    0.0
  ],
  "test_battle_won_mean_T": [
    42,
    5065
  ],
  "test_dead_allies_mean": [
    2.0,
    2.0
  ],
  "test_dead_allies_mean_T": [
    42,
    5065
  ],
  "test_dead_enemies_mean": [
    2.56,
    2.83
  ],
  "test_dead_enemies_mean_T": [
    42,
    5065
  ],
  "test_ep_length_mean": [
    41.22,
    41.91
  ],
  "test_ep_length_mean_T": [
    42,
    5065
  ],
  "test_return_mean": [
    {
      "dtype": "float64",
      "py/object": "numpy.float64",
      "value": 5.310268205915179
    },
    {
      "dtype": "float64",
      "py/object": "numpy.float64",
      "value": 5.711575404575893
    }
  ],
  "test_return_mean_T": [
    42,
    5065
  ],
  "test_return_std": [
    {
      "dtype": "float64",
      "py/object": "numpy.float64",
      "value": 1.1719082174198983
    },
    {
      "dtype": "float64",
      "py/object": "numpy.float64",
      "value": 1.2097713192308295
    }
  ],
  "test_return_std_T": [
    42,
    5065
  ]
}