{
  "episode": [
    117
  ],
  "episode_T": [
    5030
  ],
  "epsilon": [
    1.0,
    0.980753,
    0.961411,
    0.942088,
    0.923126,
    0.903594,
    0.8841,
    0.8649290000000001,
    0.8454160000000001,
    0.825732
  ],
  "epsilon_T": [
    42,
    1057,
    2075,
    3088,
    4088,
    5116,
    6149,
    7161,
    8177,
    9218
  ],
  "grad_norm": [
    2.4457216262817383,
    0.6046035289764404,
    0.3719812035560608,
    0.6605053544044495,
    0.5482319593429565,
    0.8764363527297974,
    1.9764587879180908,
    1.3582472801208496,
    2.022099018096924
  ],
  "grad_norm_T": [
    1400,
    2456,
    3458,
    4470,
    5484,
    6491,
    7497,
    8516,
    9522
  ],
  "loss": [
    1.3350893259048462,
    0.7922267913818359,
    0.7962838411331177,
    0.7754227519035339,
    0.7151849865913391,
    0.7637394070625305,
    0.7904259562492371,
    0.701650857925415,
    0.7496433258056641
  ],
  "loss_T": [
    1400,
    2456,
    3458,
    4470,
    5484,
    6491,
    7497,
    8516,
    9522
  ],
  "q_taken_mean": [
    0.06395790100097656,
    0.11409198154102672,
    0.11794435338858113,
    0.11893325794452608,
    0.12216210467329039,
    0.10098067037679097,
    0.08464215596516927,
    0.07179177254008973,
    0.1612583055510017
  ],
  "q_taken_mean_T": [
    1400,
    2456,
    3458,
    4470,
    5484,
    6491,
    7497,
    8516,
    9522
  ],
  "target_mean": [
    0.15621221269880023,
    0.11530039527199486,
    0.11706256116603936,
    0.1143455533399729,
    0.10892438684482547,
    0.10623185762493685,
    0.1416624096856601,
    0.10672843559331097,
    0.1098957089370308
  ],
  "target_mean_T": [
    1400,
    2456,
    3458,
    4470,
    5484,
    6491,
    7497,
    8516,
    9522
  ],
  "td_error_abs": [
    0.614658682686942,
    0.5249710083007812,
    0.5138585143126787,
    0.5126170117043993,
    0.492998370770551,
    0.48826954524189475,
    0.4958527938179348,
    0.4551876189042237,
    0.5110190539215133
  ],
  "td_error_abs_T": [
    1400,
    2456,
    3458,
    4470,
    5484,
    6491,
    7497,
    8516,
    9522
  ],
  "test_battle_won_mean": [
    0.0,
    0.0
  ],
  "test_battle_won_mean_T": [
    42,
    5074
  ],
  "test_dead_allies_mean": [
    2.0,
    2.0
  ],
  "test_dead_allies_mean_T": [
    42,
    5074
  ],
  "test_dead_enemies_mean": [
    0.64,
    2.96
  ],
  "test_dead_enemies_mean_T": [
    42,
    5074
  ],
  "test_ep_length_mean": [
    61.37,
    43.15
  ],
  "test_ep_length_mean_T": [
    42,
    5074
  ],
  "test_return_mean": [
    {
      "dtype": "float64",
      "py/object": "numpy.float64",
      "value": 1.28391845703125
    },
    {
      "dtype": "float64",
      "py/object": "numpy.float64",
      "value": 5.718732561383927
    }
  ],
  "test_return_mean_T": [
    42,
    5074
  ],
  "test_return_std": [
    {
      "dtype": "float64",
      "py/object": "numpy.float64",
      "value": 1.3680135406546576
    },
    {
      "dtype": "float64",
      "py/object": "numpy.float64",
      "value": 1.2399038776126263
    }
  ],
  "test_return_std_T": [
    42,
    5074
  ]
}