{
  "custom_coop_summed_mean": [
    0.0
  ],
  "custom_coop_summed_mean_T": [
    30
  ],
  "episode": [
    197,
    386,
    577,
    760
  ],
  "episode_T": [
    5003,
    10019,
    15038,
    20057
  ],
  "epsilon": [
    1.0,
    0.980658,
    0.961449,
    0.942183,
    0.922822,
    0.903803,
    0.884537,
    0.865081,
    0.845986,
    0.826929,
    0.807929,
    0.788492,
    0.769378,
    0.749903,
    0.7303710000000001,
    0.711257,
    0.692124,
    0.672649,
    0.653421,
    0.6343070000000001,
    0.614927,
    0.595718
  ],
  "epsilon_T": [
    30,
    1048,
    2059,
    3073,
    4092,
    5093,
    6107,
    7131,
    8136,
    9139,
    10139,
    11162,
    12168,
    13193,
    14200,
    15227,
    16234,
    17259,
    18271,
    19277,
    20297,
    21308
  ],
  "grad_norm": [
    678.4833984375,
    112.72206115722656,
    118.4504623413086,
    42.4251594543457,
    91.24303436279297,
    35.93571090698242,
    71.29103088378906,
    16.751972198486328,
    14.030138969421387,
    29.139135360717773,
    17.509990692138672,
    19.908464431762695,
    82.96421813964844,
    30.931575775146484,
    16.176082611083984,
    23.52056312561035,
    20.86443328857422,
    52.96867370605469,
    35.168033599853516,
    90.11407470703125,
    19.160091400146484
  ],
  "grad_norm_T": [
    860,
    1867,
    2873,
    3882,
    4883,
    5895,
    6915,
    7926,
    8930,
    9951,
    10955,
    11958,
    12976,
    14000,
    15008,
    16021,
    17049,
    18073,
    19097,
    20117,
    21127
  ],
  "loss": [
    31.420467376708984,
    7.237082481384277,
    7.541399955749512,
    4.990293502807617,
    8.271973609924316,
    5.833864688873291,
    4.758904457092285,
    3.4470291137695312,
    4.446052074432373,
    4.122402667999268,
    4.051652908325195,
    3.8654062747955322,
    5.8836669921875,
    4.715671062469482,
    5.636449337005615,
    5.757009506225586,
    5.611671447753906,
    6.453750133514404,
    6.649852275848389,
    7.62093448638916,
    7.463286399841309
  ],
  "loss_T": [
    860,
    1867,
    2873,
    3882,
    4883,
    5895,
    6915,
    7926,
    8930,
    9951,
    10955,
    11958,
    12976,
    14000,
    15008,
    16021,
    17049,
    18073,
    19097,
    20117,
    21127
  ],
  "meta_learner_loss_mean": [
    0.0
  ],
  "meta_learner_loss_mean_T": [
    30
  ],
  "q_taken_mean": [
    3.140390511446221,
    4.581957455163948,
    4.604219973857397,
    3.441591751768187,
    3.611810675249413,
    3.7675609403443566,
    4.639787739564798,
    4.079742076326003,
    4.560711867791459,
    4.954757805157425,
    4.745629789272031,
    4.48488513663346,
    5.482620150233372,
    4.849602958287703,
    5.685599010655856,
    5.193667823062355,
    5.604678867403315,
    5.461721395575677,
    5.924963032714242,
    6.53987686332615,
    6.121526623448582
  ],
  "q_taken_mean_T": [
    860,
    1867,
    2873,
    3882,
    4883,
    5895,
    6915,
    7926,
    8930,
    9951,
    10955,
    11958,
    12976,
    14000,
    15008,
    16021,
    17049,
    18073,
    19097,
    20117,
    21127
  ],
  "target_max_qvals_mean": [
    5.334549872819768,
    4.653727646991511,
    4.4930246436934755,
    3.5569352288719687,
    3.7360301129694835,
    4.050976503242567,
    4.559724384638197,
    4.418632319797057,
    4.8575320731374685,
    5.0437745976268795,
    4.902412658145754,
    4.750107677742904,
    5.445570599657234,
    5.081289355835419,
    5.897305091130884,
    5.5367815777972025,
    5.856329851519337,
    5.767616083259718,
    6.321764700215783,
    6.597385730962643,
    6.540592563349587
  ],
  "target_max_qvals_mean_T": [
    860,
    1867,
    2873,
    3882,
    4883,
    5895,
    6915,
    7926,
    8930,
    9951,
    10955,
    11958,
    12976,
    14000,
    15008,
    16021,
    17049,
    18073,
    19097,
    20117,
    21127
  ],
  "target_mean": [
    5.121473587390988,
    4.320556315537616,
    4.258794109334626,
    3.3869970026522807,
    3.6971530108384685,
    3.7876332107099513,
    4.382102378039739,
    4.069920548492076,
    4.535878321773691,
    4.822454390370457,
    4.748001351971584,
    4.532375818777292,
    5.175849620770128,
    4.9548996792866085,
    5.656098638418484,
    5.256302128860723,
    5.573647380006906,
    5.328797321297114,
    6.04147139430487,
    6.276614695581896,
    6.139872377364066
  ],
  "target_mean_T": [
    860,
    1867,
    2873,
    3882,
    4883,
    5895,
    6915,
    7926,
    8930,
    9951,
    10955,
    11958,
    12976,
    14000,
    15008,
    16021,
    17049,
    18073,
    19097,
    20117,
    21127
  ],
  "td_error_abs": [
    4.559450513263082,
    1.5596553228507823,
    1.7757322326187015,
    1.5584006364571306,
    2.1501047913457305,
    1.5832131395062197,
    1.0788719023391162,
    0.972668409655967,
    0.9472888366242597,
    0.9874328766251567,
    1.0210729528356481,
    1.0124861538149905,
    1.088092461210983,
    1.1201825768538798,
    1.0880564219916045,
    1.1772132286658654,
    1.10749174507942,
    1.0855717204063604,
    1.282173881107429,
    1.1957787524694683,
    1.219766531148419
  ],
  "td_error_abs_T": [
    860,
    1867,
    2873,
    3882,
    4883,
    5895,
    6915,
    7926,
    8930,
    9951,
    10955,
    11958,
    12976,
    14000,
    15008,
    16021,
    17049,
    18073,
    19097,
    20117,
    21127
  ],
  "test_ep_length_mean": [
    30.0
  ],
  "test_ep_length_mean_T": [
    30
  ],
  "test_only_built_in_return_mean": [
    {
      "dtype": "float64",
      "py/object": "numpy.float64",
      "value": 0.0
    }
  ],
  "test_only_built_in_return_mean_T": [
    30
  ],
  "test_only_built_in_return_std": [
    {
      "dtype": "float64",
      "py/object": "numpy.float64",
      "value": 0.0
    }
  ],
  "test_only_built_in_return_std_T": [
    30
  ],
  "test_only_custom_return_mean": [
    {
      "dtype": "float64",
      "py/object": "numpy.float64",
      "value": 4.424392578005791
    }
  ],
  "test_only_custom_return_mean_T": [
    30
  ],
  "test_only_custom_return_std": [
    {
      "dtype": "float64",
      "py/object": "numpy.float64",
      "value": 3.502061171229961
    }
  ],
  "test_only_custom_return_std_T": [
    30
  ],
  "test_summed_return_mean": [
    {
      "dtype": "float64",
      "py/object": "numpy.float64",
      "value": 4.424392578005791
    }
  ],
  "test_summed_return_mean_T": [
    30
  ],
  "test_summed_return_std": [
    {
      "dtype": "float64",
      "py/object": "numpy.float64",
      "value": 3.502061171229961
    }
  ],
  "test_summed_return_std_T": [
    30
  ]
}