{
  "episode": [
    116
  ],
  "episode_T": [
    5006
  ],
  "epsilon": [
    1.0,
    0.980791,
    0.961164,
    0.941632,
    0.922138,
    0.9024920000000001,
    0.882941,
    0.863314,
    0.843991,
    0.824364
  ],
  "epsilon_T": [
    43,
    1056,
    2085,
    3120,
    4140,
    5174,
    6202,
    7234,
    8256,
    9287
  ],
  "grad_norm": [
    1.8661046028137207,
    0.44227638840675354,
    0.43265408277511597,
    0.4633195102214813,
    0.9964832663536072,
    0.8010528683662415,
    1.398051381111145,
    1.8116819858551025,
    1.4349676370620728
  ],
  "grad_norm_T": [
    1404,
    2433,
    3462,
    4490,
    5512,
    6515,
    7535,
    8554,
    9577
  ],
  "loss": [
    1.1535279750823975,
    0.7645052075386047,
    0.7186594605445862,
    0.6698806881904602,
    0.6499935984611511,
    0.6301095485687256,
    0.5709291696548462,
    0.553170382976532,
    0.48728522658348083
  ],
  "loss_T": [
    1404,
    2433,
    3462,
    4490,
    5512,
    6515,
    7535,
    8554,
    9577
  ],
  "q_taken_mean": [
    0.3199659602934139,
    0.3543898983042377,
    0.34830661349826386,
    0.36194715205491745,
    0.3591035812176862,
    0.3666291751249886,
    0.3802417804811867,
    0.3869721034787736,
    0.3370743019636287
  ],
  "q_taken_mean_T": [
    1404,
    2433,
    3462,
    4490,
    5512,
    6515,
    7535,
    8554,
    9577
  ],
  "target_mean": [
    0.4028875888922276,
    0.3546895214913157,
    0.3375359429253472,
    0.36514937270055636,
    0.35240340896092603,
    0.367987652214206,
    0.35470539098538123,
    0.347461628464033,
    0.34208976390749907
  ],
  "target_mean_T": [
    1404,
    2433,
    3462,
    4490,
    5512,
    6515,
    7535,
    8554,
    9577
  ],
  "td_error_abs": [
    0.5829836418825677,
    0.5374170234208422,
    0.5126823368778936,
    0.4758791954330806,
    0.4732399266076821,
    0.47142322417945975,
    0.4594492932994528,
    0.4616920681581096,
    0.40874463458393895
  ],
  "td_error_abs_T": [
    1404,
    2433,
    3462,
    4490,
    5512,
    6515,
    7535,
    8554,
    9577
  ],
  "test_battle_won_mean": [
    0.0,
    0.01
  ],
  "test_battle_won_mean_T": [
    43,
    5049
  ],
  "test_dead_allies_mean": [
    2.0,
    1.99
  ],
  "test_dead_allies_mean_T": [
    43,
    5049
  ],
  "test_dead_enemies_mean": [
    2.64,
    2.08
  ],
  "test_dead_enemies_mean_T": [
    43,
    5049
  ],
  "test_ep_length_mean": [
    42.06,
    59.29
  ],
  "test_ep_length_mean_T": [
    43,
    5049
  ],
  "test_return_mean": [
    {
      "dtype": "float64",
      "py/object": "numpy.float64",
      "value": 5.227843715122767
    },
    {
      "dtype": "float64",
      "py/object": "numpy.float64",
      "value": 4.22327880859375
    }
  ],
  "test_return_mean_T": [
    43,
    5049
  ],
  "test_return_std": [
    {
      "dtype": "float64",
      "py/object": "numpy.float64",
      "value": 1.3152552253842513
    },
    {
      "dtype": "float64",
      "py/object": "numpy.float64",
      "value": 2.8510349588662223
    }
  ],
  "test_return_std_T": [
    43,
    5049
  ]
}