{
  "episode": [
    1402,
    2418,
    3057,
    3946,
    4948,
    5769
  ],
  "episode_T": [
    50003,
    100192,
    150294,
    200322,
    250363,
    300404
  ],
  "epsilon": [
    1.0,
    0.80962,
    0.6191450000000001,
    0.4286700000000001,
    0.23802400000000012,
    0.05,
    0.05,
    0.05,
    0.05,
    0.05,
    0.05,
    0.05,
    0.05,
    0.05,
    0.05,
    0.05,
    0.05,
    0.05,
    0.05,
    0.05,
    0.05,
    0.05,
    0.05,
    0.05,
    0.05,
    0.05,
    0.05,
    0.05,
    0.05,
    0.05,
    0.05,
    0.05,
    0.05,
    0.05,
    0.05
  ],
  "epsilon_T": [
    35,
    10056,
    20080,
    30107,
    40139,
    50141,
    60436,
    70448,
    80484,
    90488,
    100762,
    111029,
    121040,
    131405,
    141542,
    151641,
    161689,
    171734,
    181748,
    191749,
    201764,
    211775,
    221816,
    231853,
    241878,
    251903,
    261928,
    271929,
    281934,
    291949,
    301975,
    311985,
    321985,
    332024,
    342097
  ],
  "grad_norm": [
    4.40913724899292,
    1.7830473184585571,
    1.6215389966964722,
    9.712885856628418,
    3.882392644882202,
    4.994760990142822,
    18.405054092407227,
    6.2175822257995605,
    25.982851028442383,
    21.441856384277344,
    46.35458755493164,
    97.29210662841797,
    45.380088806152344,
    46.156124114990234,
    8.351205825805664,
    13.790939331054688,
    55.12230682373047,
    38.47891616821289,
    36.117122650146484,
    68.90635681152344,
    66.57839965820312,
    36.46489715576172,
    64.94293975830078,
    48.549949645996094,
    41.90944290161133,
    67.8653564453125,
    94.38594818115234,
    481.94384765625,
    198.8118896484375,
    71.1595230102539,
    609.0311889648438,
    140.36309814453125,
    275.4080810546875,
    39.7174072265625,
    217.99618530273438
  ],
  "grad_norm_T": [
    1132,
    11136,
    21148,
    31152,
    41174,
    51206,
    61217,
    71365,
    81386,
    91635,
    101658,
    111674,
    121994,
    132023,
    142128,
    152130,
    162296,
    172322,
    182345,
    192367,
    202386,
    212403,
    222418,
    232458,
    242491,
    252497,
    262504,
    272544,
    282562,
    292569,
    302581,
    312649,
    322705,
    332755,
    342791
  ],
  "loss": [
    1.2801746129989624,
    0.6787770390510559,
    0.7358463406562805,
    0.8825960159301758,
    0.8835561871528625,
    0.9484867453575134,
    1.1469684839248657,
    0.9095515012741089,
    1.362699031829834,
    1.2294710874557495,
    1.6263271570205688,
    2.8328723907470703,
    1.9750288724899292,
    2.2050063610076904,
    1.270330548286438,
    2.1509592533111572,
    2.0366153717041016,
    2.051467180252075,
    2.397937536239624,
    3.902182102203369,
    3.0860483646392822,
    4.619624614715576,
    2.5142672061920166,
    5.415670394897461,
    1.6381248235702515,
    3.734626054763794,
    6.059247016906738,
    9.423443794250488,
    6.850118160247803,
    9.925358772277832,
    10.793092727661133,
    4.906859874725342,
    6.239131927490234,
    4.907588005065918,
    7.218118190765381
  ],
  "loss_T": [
    1132,
    11136,
    21148,
    31152,
    41174,
    51206,
    61217,
    71365,
    81386,
    91635,
    101658,
    111674,
    121994,
    132023,
    142128,
    152130,
    162296,
    172322,
    182345,
    192367,
    202386,
    212403,
    222418,
    232458,
    242491,
    252497,
    262504,
    272544,
    282562,
    292569,
    302581,
    312649,
    322705,
    332755,
    342791
  ],
  "q_taken_mean": [
    0.04120826945849667,
    0.29195406360476217,
    0.4065653935185185,
    0.7040407812035799,
    0.8819285755490883,
    1.0236338042301374,
    0.8752588295837656,
    0.6146720798536279,
    1.5968733036650196,
    1.339009739408557,
    1.6765593966573697,
    2.5022088489393246,
    2.226797728250299,
    2.5460360560636857,
    1.4608642796302502,
    2.8547339777940732,
    2.0525985814369134,
    2.2085331249371354,
    1.9269204937145175,
    3.5884784098237317,
    3.60832042238045,
    3.948984118139858,
    3.1670197170217342,
    5.0149601796737215,
    1.6435870799682724,
    4.329701392945223,
    5.29447821969697,
    5.582227503441156,
    5.499016763952164,
    4.924995782726046,
    6.7202772014753345,
    4.743562618035883,
    5.043160562275986,
    5.115247105852798,
    6.509651637906846
  ],
  "q_taken_mean_T": [
    1132,
    11136,
    21148,
    31152,
    41174,
    51206,
    61217,
    71365,
    81386,
    91635,
    101658,
    111674,
    121994,
    132023,
    142128,
    152130,
    162296,
    172322,
    182345,
    192367,
    202386,
    212403,
    222418,
    232458,
    242491,
    252497,
    262504,
    272544,
    282562,
    292569,
    302581,
    312649,
    322705,
    332755,
    342791
  ],
  "target_max_qvals_mean": [
    0.09080668922307494,
    0.27007515705937124,
    0.3788816189236111,
    0.7039715862670826,
    0.8457421963296791,
    0.9702320531847372,
    0.8430520774802617,
    0.6053072173019935,
    1.4535331440457473,
    1.3030865492170023,
    1.5354607517396326,
    2.215769969633896,
    2.1642974360412928,
    2.4612493471939927,
    1.399736616119303,
    2.72070665049639,
    1.8752061418767736,
    2.0539785050165964,
    1.8000288295823195,
    3.43888241392591,
    3.404838860319972,
    3.7508343014984824,
    3.083900735689692,
    4.8581039186507935,
    1.5831393540885492,
    4.205481223228193,
    5.123124053030303,
    5.714198981274375,
    5.460421412300684,
    4.842998798076923,
    6.373154931708161,
    4.5804399787535415,
    4.86349126344086,
    5.04145271761271,
    6.514367634680134
  ],
  "target_max_qvals_mean_T": [
    1132,
    11136,
    21148,
    31152,
    41174,
    51206,
    61217,
    71365,
    81386,
    91635,
    101658,
    111674,
    121994,
    132023,
    142128,
    152130,
    162296,
    172322,
    182345,
    192367,
    202386,
    212403,
    222418,
    232458,
    242491,
    252497,
    262504,
    272544,
    282562,
    292569,
    302581,
    312649,
    322705,
    332755,
    342791
  ],
  "target_mean": [
    0.10230361165652146,
    0.2905799602640086,
    0.40379654947916666,
    0.739666671888926,
    0.8894484452701176,
    1.016884716038493,
    0.8737322471833218,
    0.629461880387931,
    1.5437879628069782,
    1.3765844562709733,
    1.61704972039103,
    2.3594816258934004,
    2.296288974837298,
    2.594805957825203,
    1.468172964142091,
    2.8684840012973827,
    1.995912549798079,
    2.150589041440354,
    1.861048224604623,
    3.6339824716967613,
    3.5582176841596342,
    3.918368365104957,
    3.2013509219657843,
    4.9907919186192995,
    1.621895956518604,
    4.386579820547768,
    5.26783759469697,
    5.831335401611608,
    5.602133953429512,
    4.91496996698477,
    6.463577235333103,
    4.663156574598678,
    4.944468595990143,
    5.1173844745835595,
    6.592105078563412
  ],
  "target_mean_T": [
    1132,
    11136,
    21148,
    31152,
    41174,
    51206,
    61217,
    71365,
    81386,
    91635,
    101658,
    111674,
    121994,
    132023,
    142128,
    152130,
    162296,
    172322,
    182345,
    192367,
    202386,
    212403,
    222418,
    232458,
    242491,
    252497,
    262504,
    272544,
    282562,
    292569,
    302581,
    312649,
    322705,
    332755,
    342791
  ],