{
  "episode": [
    117,
    235,
    353,
    474,
    595
  ],
  "episode_T": [
    5034,
    10052,
    15075,
    20104,
    25110
  ],
  "epsilon": [
    1.0,
    0.980411,
    0.960708,
    0.941157,
    0.9213210000000001,
    0.90196,
    0.88277,
    0.863257,
    0.8441430000000001,
    0.824649,
    0.8051360000000001,
    0.786155,
    0.766984,
    0.747623,
    0.7280150000000001,
    0.7087680000000001,
    0.6897300000000001,
    0.6704640000000001,
    0.6509320000000001,
    0.631457,
    0.6123430000000001,
    0.5929820000000001,
    0.5736780000000001,
    0.5540700000000001,
    0.534614,
    0.515576,
    0.496557,
    0.47675900000000004,
    0.457284,
    0.4380750000000001
  ],
  "epsilon_T": [
    39,
    1076,
    2111,
    3142,
    4182,
    5201,
    6218,
    7236,
    8248,
    9274,
    10297,
    11301,
    12305,
    13324,
    14356,
    15368,
    16373,
    17385,
    18414,
    19436,
    20442,
    21459,
    22480,
    23510,
    24532,
    25539,
    26541,
    27587,
    28604,
    29619
  ],
  "grad_norm": [
    2.9739346504211426,
    0.60102379322052,
    1.2894392013549805,
    0.3608020842075348,
    2.2063889503479004,
    0.5022364258766174,
    1.2240428924560547,
    1.932708740234375,
    0.837735116481781,
    1.8516360521316528,
    0.6915990710258484,
    0.7281724214553833,
    0.48953330516815186,
    1.6094924211502075,
    0.7583746910095215,
    0.7543994188308716,
    1.0014814138412476,
    7.1162004470825195,
    2.795860767364502,
    1.0513962507247925,
    0.8952732086181641,
    0.6460108160972595,
    1.0640068054199219,
    1.0598132610321045,
    1.6039685010910034,
    2.7983319759368896,
    2.130775213241577,
    1.1605641841888428,
    2.424980401992798
  ],
  "grad_norm_T": [
    1381,
    2417,
    3436,
    4470,
    5486,
    6510,
    7530,
    8559,
    9579,
    10619,
    11654,
    12691,
    13721,
    14744,
    15747,
    16752,
    17753,
    18783,
    19808,
    20833,
    21859,
    22866,
    23884,
    24900,
    25901,
    26926,
    27937,
    28973,
    29983
  ],
  "loss": [
    1.4505060911178589,
    0.9130685329437256,
    0.8001502752304077,
    0.7228983044624329,
    0.8355772495269775,
    0.7434253692626953,
    0.6819506287574768,
    0.5650251507759094,
    0.6096822023391724,
    0.5457398891448975,
    0.4190131723880768,
    0.421950101852417,
    0.34315428137779236,
    0.38082414865493774,
    0.3529966175556183,
    0.3578278124332428,
    0.385896235704422,
    0.4707331657409668,
    0.3460147976875305,
    0.30783870816230774,
    0.3110818862915039,
    0.3291308581829071,
    0.3369021415710449,
    0.3106955289840698,
    0.3153875768184662,
    0.38086584210395813,
    0.38857531547546387,
    0.36308354139328003,
    0.33039212226867676
  ],
  "loss_T": [
    1381,
    2417,
    3436,
    4470,
    5486,
    6510,
    7530,
    8559,
    9579,
    10619,
    11654,
    12691,
    13721,
    14744,
    15747,
    16752,
    17753,
    18783,
    19808,
    20833,
    21859,
    22866,
    23884,
    24900,
    25901,
    26926,
    27937,
    28973,
    29983
  ],
  "q_taken_mean": [
    -0.01973740386410436,
    0.08174327985774836,
    0.015180815716627435,
    0.05023546561719037,
    0.004751047085132106,
    0.059411250174132325,
    0.024647820940364863,
    -0.025669986140118898,
    0.057245351357702125,
    0.3010513780774801,
    0.3234018057364005,
    0.39601525438121776,
    0.39799049270775844,
    0.33712235957779135,
    0.355303437149952,
    0.3766898967706213,
    0.3910003012799202,
    0.7042050429599588,
    0.577930889640659,
    0.552697509946336,
    0.5205409684854557,
    0.5380700289240318,
    0.5740733083463734,
    0.5135153618000697,
    0.5948383328487703,
    0.7485844087318556,
    0.7403191284812176,
    0.8077173014202442,
    0.8935815482877179
  ],
  "q_taken_mean_T": [
    1381,
    2417,
    3436,
    4470,
    5486,
    6510,
    7530,
    8559,
    9579,
    10619,
    11654,
    12691,
    13721,
    14744,
    15747,
    16752,
    17753,
    18783,
    19808,
    20833,
    21859,
    22866,
    23884,
    24900,
    25901,
    26926,
    27937,
    28973,
    29983
  ],
  "target_mean": [
    0.11423644356586034,
    0.06374655390632224,
    0.056922945554004116,
    0.0511434867114419,
    0.0701471701759254,
    0.06434718524871781,
    0.043988747225753924,
    0.026461967412572708,
    0.05416045423989089,
    0.3470630245222552,
    0.3318986228660301,
    0.389606742886998,
    0.3974910733276996,
    0.3826837778442563,
    0.36283652383041104,
    0.3868522954640081,
    0.3814450527759308,
    0.5426803783465397,
    0.520359180182499,
    0.5641741071428571,
    0.5112412862200558,
    0.5487881967149643,
    0.5795102463555091,
    0.5167101097815985,
    0.5736820724138725,
    0.7861777762689534,
    0.7709677221155625,
    0.8218163773362325,
    0.8668844961306281
  ],
  "target_mean_T": [
    1381,
    2417,
    3436,
    4470,
    5486,
    6510,
    7530,
    8559,
    9579,
    10619,
    11654,
    12691,
    13721,
    14744,
    15747,
    16752,
    17753,
    18783,
    19808,
    20833,
    21859,
    22866,
    23884,
    24900,
    25901,
    26926,
    27937,
    28973,
    29983
  ],
  "td_error_abs": [
    0.6219992889691573,
    0.59681322447647,
    0.5289629612834098,
    0.4927369955262977,
    0.5116518590723017,
    0.5067588217567321,
    0.4742106642576731,
    0.4564493666600137,
    0.45218921742779616,
    0.48780494596024165,
    0.43275318287037035,
    0.40279393487760223,
    0.3655370357196238,
    0.3997082717288752,
    0.36685111458142833,
    0.37266706555618523,
    0.387936005064082,
    0.4877253859363278,
    0.3685414109171343,
    0.3380709746252776,
    0.347350084816001,
    0.3557142350117015,
    0.35968637817562593,
    0.3514073708686687,
    0.34907663298953345,
    0.4011986185107711,
    0.39746161516642764,
    0.3838475677015868,
    0.3749568720355619
  ],
  "td_error_abs_T": [
    1381,
    2417,
    3436,
    4470,
    5486,
    6510,
    7530,
    8559,
    9579,
    10619,
    11654,
    12691,
    13721,
    14744,
    15747,
    16752,
    17753,
    18783,
    19808,
    20833,
    21859,
    22866,
    23884,
    24900,
    25901,
    26926,
    27937,
    28973,
    29983
  ],
  "test_battle_won_mean": [
    0.0,
    0.01,
    0.0,
    0.0,
    0.07,
    0.0
  ],
  "test_battle_won_mean_T": [
    39,
    5076,
    10089,
    15117,
    20147,
    25150
  ],
  "test_dead_allies_mean": [
    1.99,
    1.96,
    2.0,
    2.0,
    1.91,
    2.0
  ],
  "test_dead_allies_mean_T": [
    39,
    5076,
    10089,
    15117,
    20147,
    25150
  ],
  "test_dead_enemies_mean": [
    1.76,
    2.98,
    2.66,
    2.97,
    3.86,
    2.94
  ],
  "test_dead_enemies_mean_T": [
    39,
    5076,
    10089,
    15117,
    20147,
    25150
  ],
  "test_ep_length_mean": [
    49.51,
    51.66,
    41.22,
    41.16,
    62.17,
    38.96
  ],
  "test_ep_length_mean_T": [
    39,
    5076,
    10089,
    15117,
    20147,
    25150
  ],
  "test_return_mean": [
    {
      "dtype": "float64",
      "py/object": "numpy.float64",
      "value": 2.990025983537947
    },
    {
      "dtype": "float64",
      "py/object": "numpy.float64",
      "value": 6.03487322126116
    },
    {
      "dtype": "float64",
      "py/object": "numpy.float64",
      "value": 6.346506347656248
    },
    {
      "dtype": "float64",
      "py/object": "numpy.float64",
      "value": 6.5714589146205356
    },
    {
      "dtype": "float64",
      "py/object": "numpy.float64",
      "value": 7.667973981584821
    },
    {
      "dtype": "float64",
      "py/object": "numpy.float64",
      "value": 6.514195033482143
    }
  ],
  "test_return_mean_T": [
    39,
    5076,
    10089,
    15117,
    20147,
    25150
  ],
  "test_return_std": [
    {
      "dtype": "float64",
      "py/object": "numpy.float64",