{
  "battle_won_mean": [
    0.0,
    0.0,
    0.0
  ],
  "battle_won_mean_T": [
    10003,
    20015,
    30017
  ],
  "dead_allies_mean": [
    2.0,
    2.0,
    1.9916666666666667
  ],
  "dead_allies_mean_T": [
    10003,
    20015,
    30017
  ],
  "dead_enemies_mean": [
    0.45689655172413796,
    1.0084745762711864,
    1.7
  ],
  "dead_enemies_mean_T": [
    10003,
    20015,
    30017
  ],
  "ep_length_mean": [
    43.116379310344826,
    42.42372881355932,
    41.675
  ],
  "ep_length_mean_T": [
    10003,
    20015,
    30017
  ],
  "episode": [
    117,
    233,
    349,
    470,
    591,
    711
  ],
  "episode_T": [
    5017,
    10043,
    15062,
    20101,
    25128,
    30141
  ],
  "epsilon": [
    1.0,
    0.980582,
    0.961278,
    0.941898,
    0.922423,
    0.9030050000000001,
    0.883549,
    0.864264,
    0.844618,
    0.825447,
    0.806048,
    0.7863640000000001,
    0.7670410000000001,
    0.747661,
    0.728604,
    0.708996,
    0.689787,
    0.670749,
    0.65097,
    0.6314190000000001,
    0.6118490000000001,
    0.5921270000000001,
    0.573051,
    0.5538420000000001,
    0.5346900000000001,
    0.5152530000000001,
    0.49648100000000006,
    0.47702500000000003,
    0.4573600000000001,
    0.4376000000000001
  ],
  "epsilon_T": [
    44,
    1063,
    2079,
    3105,
    4126,
    5145,
    6170,
    7188,
    8230,
    9231,
    10252,
    11287,
    12296,
    13326,
    14326,
    15359,
    16368,
    17371,
    18409,
    19438,
    20470,
    21507,
    22513,
    23523,
    24528,
    25554,
    26554,
    27569,
    28615,
    29638
  ],
  "grad_norm": [
    1.9133039712905884,
    0.5824958682060242,
    0.7073630094528198,
    0.48389962315559387,
    1.410368800163269,
    0.8337370753288269,
    2.95477032661438,
    2.9033327102661133,
    1.6612969636917114,
    5.097082138061523,
    1.0573841333389282,
    1.7438275814056396,
    1.2215538024902344,
    1.077208399772644,
    0.5627143383026123,
    0.7753928303718567,
    0.7559604048728943,
    19.37874984741211,
    2.5288400650024414,
    1.5290484428405762,
    0.9649471044540405,
    0.5740109086036682,
    1.0267237424850464,
    0.768108069896698,
    0.7685571312904358,
    16.029987335205078,
    3.297274351119995,
    1.7121528387069702,
    1.1365865468978882
  ],
  "grad_norm_T": [
    1347,
    2387,
    3407,
    4423,
    5451,
    6459,
    7506,
    8530,
    9538,
    10547,
    11573,
    12580,
    13621,
    14655,
    15655,
    16657,
    17661,
    18701,
    19725,
    20757,
    21759,
    22760,
    23795,
    24809,
    25843,
    26856,
    27870,
    28894,
    29900
  ],
  "loss": [
    1.0996859073638916,
    0.785468339920044,
    0.7842161059379578,
    0.722389280796051,
    0.6797192096710205,
    0.6876951456069946,
    0.6591345071792603,
    0.6434135437011719,
    0.6084777116775513,
    0.5528851747512817,
    0.3816583752632141,
    0.39874112606048584,
    0.38404756784439087,
    0.3616938292980194,
    0.3668113648891449,
    0.40062353014945984,
    0.35169562697410583,
    1.0707371234893799,
    0.39357349276542664,
    0.39186087250709534,
    0.3700253367424011,
    0.3123197555541992,
    0.38118135929107666,
    0.4066105782985687,
    0.34305858612060547,
    1.282301664352417,
    0.46206140518188477,
    0.3558325171470642,
    0.3609505295753479
  ],
  "loss_T": [
    1347,
    2387,
    3407,
    4423,
    5451,
    6459,
    7506,
    8530,
    9538,
    10547,
    11573,
    12580,
    13621,
    14655,
    15655,
    16657,
    17661,
    18701,
    19725,
    20757,
    21759,
    22760,
    23795,
    24809,
    25843,
    26856,
    27870,
    28894,
    29900
  ],
  "q_taken_mean": [
    0.11631369360659684,
    0.13854947811563076,
    0.18693062980941302,
    0.17314791233419513,
    0.19761827505175925,
    0.1799468444076131,
    0.21750649563607327,
    0.10415302168096964,
    0.12407738101639937,
    0.5924918314909042,
    0.4823652633287198,
    0.43447143466166604,
    0.46058692167490256,
    0.46109595326329933,
    0.5004213280684696,
    0.4607782142106877,
    0.46819887416395517,
    1.003372044900093,
    0.7570276001151198,
    0.7548747779543755,
    0.7147009188241332,
    0.737192348666958,
    0.7671478293582549,
    0.7121219995934543,
    0.6749813325488064,
    0.6950792292724246,
    0.8569120623975036,
    0.9762701808481153,
    0.9360983455882353
  ],
  "q_taken_mean_T": [
    1347,
    2387,
    3407,
    4423,
    5451,
    6459,
    7506,
    8530,
    9538,
    10547,
    11573,
    12580,
    13621,
    14655,
    15655,
    16657,
    17661,
    18701,
    19725,
    20757,
    21759,
    22760,
    23795,
    24809,
    25843,
    26856,
    27870,
    28894,
    29900
  ],
  "return_mean": [
    {
      "dtype": "float64",
      "py/object": "numpy.float64",
      "value": 3.61261828192349
    },
    {
      "dtype": "float64",
      "py/object": "numpy.float64",
      "value": 4.220196001177549
    },
    {
      "dtype": "float64",
      "py/object": "numpy.float64",
      "value": 5.164359174455915
    }
  ],
  "return_mean_T": [
    10003,
    20015,
    30017
  ],
  "return_std": [
    {
      "dtype": "float64",
      "py/object": "numpy.float64",
      "value": 0.8539942668107013
    },
    {
      "dtype": "float64",
      "py/object": "numpy.float64",
      "value": 0.9693773946765182
    },
    {
      "dtype": "float64",
      "py/object": "numpy.float64",
      "value": 1.0866784349387697
    }
  ],
  "return_std_T": [
    10003,
    20015,
    30017
  ],
  "target_mean": [
    0.17814827673330783,
    0.15360058999149562,
    0.17886478148278118,
    0.17293495891763153,
    0.14910190520838099,
    0.15529863045382344,
    0.1476986985600572,
    0.16820673591285443,
    0.16852929203520786,
    0.5030926091526702,
    0.5023896201986868,
    0.4759854322935551,
    0.48564051661388735,
    0.48424084613778,
    0.5005958214855056,
    0.46081649425417875,
    0.46856023053371293,
    0.7192763091019981,
    0.7106704821061338,
    0.7785377930417913,
    0.7334283313611998,
    0.7264378687718531,
    0.761681006319017,
    0.72604552245383,
    0.6843305992956606,
    0.9793297302882824,
    0.9246563702908619,
    0.943699602012888,
    0.9183422313017003
  ],
  "target_mean_T": [
    1347,
    2387,
    3407,
    4423,
    5451,
    6459,
    7506,
    8530,
    9538,
    10547,
    11573,
    12580,
    13621,
    14655,
    15655,
    16657,
    17661,
    18701,
    19725,
    20757,
    21759,
    22760,
    23795,
    24809,
    25843,
    26856,
    27870,
    28894,
    29900
  ],
  "td_error_abs": [
    0.6386589157908779,
    0.5304441107155212,
    0.5190779645697253,
    0.48832287685476616,
    0.5011536806254575,
    0.4827162255120088,
    0.47240071962362,
    0.42523184455632296,
    0.4413195818706406,
    0.553575455283569,
    0.3868392564541773,
    0.3830826657677665,
    0.37902202195561896,
    0.36772519591226743,
    0.37397450338051735,
    0.38808241555857104,
    0.37156358389257954,
    0.6547758534938429,
    0.4122425783345628,
    0.38309635684484855,
    0.368940768276688,
    0.34905515017209354,
    0.3880531261314265,
    0.3794284248629685,
    0.3624917008451494,
    0.8553938886980719,
    0.42387261126548836,
    0.384035954894794,
    0.38273669972139246
  ],
  "td_error_abs_T": [
    1347,
    2387,
    3407,
    4423,
    5451,
    6459,
    7506,
    8530,
    9538,
    10547,
    11573,
    12580,
    13621,
    14655,
    15655,
    16657,
    17661,
    18701,
    19725,
    20757,
    21759,
    22760,
    23795,
    24809,
    25843,
    26856,
    27870,
    28894,
    29900
  ],
  "test_battle_won_mean": [
    0.0,
    0.0,
    0.0,
    0.0,
    0.03,
    0.0
  ],
  "test_battle_won_mean_T": [
    44,
    5059,
    10086,
    15104,
    20144,
    25169
  ],
  "test_dead_allies_mean": [
    2.0,
    2.0,
    1.88,
    2.0,
    1.96,
    1.88
  ],