{
  "battle_won_mean": [
    0.0,
    0.0,
    0.0,
    0.0,
    0.0,
    0.0,
    0.0,
    0.0,
    0.0,
    0.0,
    0.0,
    0.0,
    0.0,
    0.0,
    0.0,
    0.0,
    0.0,
    0.0,
    0.0,
    0.0
  ],
  "battle_won_mean_T": [
    43,
    1094,
    2098,
    3101,
    4135,
    5147,
    6172,
    7185,
    8211,
    9218,
    10240,
    11264,
    12295,
    13322,
    14346,
    15373,
    16402,
    17427,
    18439,
    19456
  ],
  "dead_allies_mean": [
    2.0,
    2.0,
    2.0,
    2.0,
    2.0,
    2.0,
    2.0,
    2.0,
    2.0,
    2.0,
    2.0,
    2.0,
    2.0,
    2.0,
    2.0,
    2.0,
    2.0,
    2.0,
    2.0,
    2.0
  ],
  "dead_allies_mean_T": [
    43,
    1094,
    2098,
    3101,
    4135,
    5147,
    6172,
    7185,
    8211,
    9218,
    10240,
    11264,
    12295,
    13322,
    14346,
    15373,
    16402,
    17427,
    18439,
    19456
  ],
  "dead_enemies_mean": [
    0.0,
    0.2916666666666667,
    0.4782608695652174,
    0.21739130434782608,
    0.4583333333333333,
    0.4782608695652174,
    0.4583333333333333,
    0.5652173913043478,
    0.5416666666666666,
    1.0,
    0.625,
    0.75,
    0.8333333333333334,
    0.7916666666666666,
    0.8333333333333334,
    0.9166666666666666,
    0.7916666666666666,
    0.8333333333333334,
    1.0833333333333333,
    1.04
  ],
  "dead_enemies_mean_T": [
    43,
    1094,
    2098,
    3101,
    4135,
    5147,
    6172,
    7185,
    8211,
    9218,
    10240,
    11264,
    12295,
    13322,
    14346,
    15373,
    16402,
    17427,
    18439,
    19456
  ],
  "ep_length_mean": [
    43.0,
    43.791666666666664,
    43.65217391304348,
    43.608695652173914,
    43.083333333333336,
    44.0,
    42.708333333333336,
    44.04347826086956,
    42.75,
    43.78260869565217,
    42.583333333333336,
    42.666666666666664,
    42.958333333333336,
    42.791666666666664,
    42.666666666666664,
    42.791666666666664,
    42.875,
    42.708333333333336,
    42.166666666666664,
    40.68
  ],
  "ep_length_mean_T": [
    43,
    1094,
    2098,
    3101,
    4135,
    5147,
    6172,
    7185,
    8211,
    9218,
    10240,
    11264,
    12295,
    13322,
    14346,
    15373,
    16402,
    17427,
    18439,
    19456
  ],
  "episode": [
    115,
    231,
    348,
    467
  ],
  "episode_T": [
    5008,
    10025,
    15027,
    20039
  ],
  "epsilon": [
    1.0,
    0.980316,
    0.960974,
    0.941879,
    0.9222710000000001,
    0.9031,
    0.883606,
    0.864302,
    0.84477,
    0.825751,
    0.806276,
    0.7867820000000001,
    0.767288,
    0.7477560000000001,
    0.728205,
    0.7087300000000001,
    0.689084,
    0.669818,
    0.6504380000000001,
    0.6311150000000001
  ],
  "epsilon_T": [
    43,
    1094,
    2098,
    3101,
    4135,
    5147,
    6172,
    7185,
    8211,
    9218,
    10240,
    11264,
    12295,
    13322,
    14346,
    15373,
    16402,
    17427,
    18439,
    19456
  ],
  "grad_norm": [
    1.966823697090149,
    0.41894271969795227,
    0.981423556804657,
    0.6136230826377869,
    0.4227491617202759,
    0.708493709564209,
    1.3345476388931274,
    1.9378273487091064,
    1.7738208770751953,
    3.648036003112793,
    0.5945801734924316,
    0.45506662130355835,
    1.2119816541671753,
    1.044939398765564,
    1.9135271310806274,
    1.0507675409317017,
    0.7694013714790344,
    1.5245378017425537,
    1.2822242975234985
  ],
  "grad_norm_T": [
    1405,
    2441,
    3452,
    4493,
    5530,
    6536,
    7567,
    8596,
    9631,
    10658,
    11687,
    12727,
    13745,
    14761,
    15764,
    16773,
    17776,
    18809,
    19838
  ],
  "loss": [
    1.267029047012329,
    0.820807933807373,
    0.7378731369972229,
    0.6576191782951355,
    0.6766507029533386,
    0.6074807643890381,
    0.655747652053833,
    0.712456464767456,
    0.6498793363571167,
    0.47877636551856995,
    0.34260907769203186,
    0.31243249773979187,
    0.3294716477394104,
    0.35814139246940613,
    0.31769394874572754,
    0.31614574790000916,
    0.3019021153450012,
    0.4169427156448364,
    0.3142758309841156
  ],
  "loss_T": [
    1405,
    2441,
    3452,
    4493,
    5530,
    6536,
    7567,
    8596,
    9631,
    10658,
    11687,
    12727,
    13745,
    14761,
    15764,
    16773,
    17776,
    18809,
    19838
  ],
  "q_taken_mean": [
    0.22120298338106095,
    0.2767538296974311,
    0.2237686365950099,
    0.280414045074085,
    0.23662684180519797,
    0.27113501803859497,
    0.3361749882320706,
    0.31578303275348474,
    0.296094612595356,
    0.6069528841989515,
    0.559184929135897,
    0.5416064981949459,
    0.516855882840106,
    0.5093272894811258,
    0.5291946475697505,
    0.47800368254405284,
    0.49501055392162446,
    0.7526486971192813,
    0.7780435427383011
  ],
  "q_taken_mean_T": [
    1405,
    2441,
    3452,
    4493,
    5530,
    6536,
    7567,
    8596,
    9631,
    10658,
    11687,
    12727,
    13745,
    14761,
    15764,
    16773,
    17776,
    18809,
    19838
  ],
  "return_mean": [
    {
      "dtype": "float64",
      "py/object": "numpy.float64",
      "value": 2.7869524274553568
    },
    {
      "dtype": "float64",
      "py/object": "numpy.float64",
      "value": 3.187023344494047
    },
    {
      "dtype": "float64",
      "py/object": "numpy.float64",
      "value": 3.5537283761160707
    },
    {
      "dtype": "float64",
      "py/object": "numpy.float64",
      "value": 3.2571111643536486
    },
    {
      "dtype": "float64",
      "py/object": "numpy.float64",
      "value": 3.4845646449497765
    },
    {
      "dtype": "float64",
      "py/object": "numpy.float64",
      "value": 3.343795492041926
    },
    {
      "dtype": "float64",
      "py/object": "numpy.float64",
      "value": 3.580317179361979
    },
    {
      "dtype": "float64",
      "py/object": "numpy.float64",
      "value": 3.76366505119371
    },
    {
      "dtype": "float64",
      "py/object": "numpy.float64",
      "value": 4.030740647088913
    },
    {
      "dtype": "float64",
      "py/object": "numpy.float64",
      "value": 4.236930136354813
    },
    {
      "dtype": "float64",
      "py/object": "numpy.float64",
      "value": 4.021376836867558
    },
    {
      "dtype": "float64",
      "py/object": "numpy.float64",
      "value": 4.1930178687686
    },
    {
      "dtype": "float64",
      "py/object": "numpy.float64",
      "value": 4.124918619791667
    },
    {
      "dtype": "float64",
      "py/object": "numpy.float64",
      "value": 4.054088774181547
    },
    {
      "dtype": "float64",
      "py/object": "numpy.float64",
      "value": 4.238297962007068
    },
    {
      "dtype": "float64",
      "py/object": "numpy.float64",
      "value": 4.176912580217633
    },
    {
      "dtype": "float64",
      "py/object": "numpy.float64",
      "value": 4.24708266485305
    },
    {
      "dtype": "float64",
      "py/object": "numpy.float64",
      "value": 4.248854864211308
    },
    {
      "dtype": "float64",
      "py/object": "numpy.float64",
      "value": 4.606273832775297
    },
    {
      "dtype": "float64",
      "py/object": "numpy.float64",
      "value": 4.402193080357142
    }
  ],
  "return_mean_T": [
    43,
    1094,
    2098,
    3101,
    4135,
    5147,
    6172,
    7185,
    8211,
    9218,
    10240,
    11264,
    12295,
    13322,
    14346,
    15373,
    16402,
    17427,
    18439,
    19456
  ],
  "return_std": [
    {
      "dtype": "float64",
      "py/object": "numpy.float64",
      "value": 0.0
    },
    {
      "dtype": "float64",
      "py/object": "numpy.float64",
      "value": 0.734397126002439
    },
    {
      "dtype": "float64",
      "py/object": "numpy.float64",
      "value": 0.7914902494655635
    },
    {
      "dtype": "float64",
      "py/object": "numpy.float64",
      "value": 0.8421530148602961
    },
    {
      "dtype": "float64",
      "py/object": "numpy.float64",