{
  "episode": [
    115
  ],
  "episode_T": [
    5029
  ],
  "epsilon": [
    1.0,
    0.98024,
    0.960765,
    0.941214,
    0.921587
  ],
  "epsilon_T": [
    41,
    1083,
    2109,
    3139,
    4172
  ],
  "grad_norm": [
    1.9963985681533813,
    0.37797245383262634,
    1.5096029043197632,
    0.572067141532898
  ],
  "grad_norm_T": [
    1392,
    2413,
    3442,
    4472
  ],
  "loss": [
    1.1537584066390991,
    0.9347756505012512,
    0.838979184627533,
    0.7542315721511841
  ],
  "loss_T": [
    1392,
    2413,
    3442,
    4472
  ],
  "q_taken_mean": [
    0.04941755053640782,
    0.13076730520500068,
    0.10452853014869412,
    0.12105750757517093
  ],
  "q_taken_mean_T": [
    1392,
    2413,
    3442,
    4472
  ],
  "target_mean": [
    0.14737125922893657,
    0.13629520033964942,
    0.15981534414917883,
    0.13695658321072526
  ],
  "target_mean_T": [
    1392,
    2413,
    3442,
    4472
  ],
  "td_error_abs": [
    0.575518421743108,
    0.5712741007457642,
    0.5422381101733577,
    0.5117386469231828
  ],
  "td_error_abs_T": [
    1392,
    2413,
    3442,
    4472
  ],
  "test_battle_won_mean": [
    0.0
  ],
  "test_battle_won_mean_T": [
    41
  ],
  "test_dead_allies_mean": [
    1.98
  ],
  "test_dead_allies_mean_T": [
    41
  ],
  "test_dead_enemies_mean": [
    2.87
  ],
  "test_dead_enemies_mean_T": [
    41
  ],
  "test_ep_length_mean": [
    47.61
  ],
  "test_ep_length_mean_T": [
    41
  ],
  "test_return_mean": [
    {
      "dtype": "float64",
      "py/object": "numpy.float64",
      "value": 5.121659284319195
    }
  ],
  "test_return_mean_T": [
    41
  ],
  "test_return_std": [
    {
      "dtype": "float64",
      "py/object": "numpy.float64",
      "value": 1.1581976544437904
    }
  ],
  "test_return_std_T": [
    41
  ]
}