{
  "advantage_mean": [
    0.04298901081085205,
    -0.017703282833099365,
    -0.034997987747192386,
    0.01093185544013977,
    0.026066296100616455,
    0.009481564164161682,
    0.003768901228904724
  ],
  "advantage_mean_T": [
    3200,
    9600,
    16000,
    22400,
    28800,
    35200,
    41600
  ],
  "agent_grad_norm": [
    0.02337275631725788,
    0.017586126923561096,
    0.02580174431204796,
    0.012494382448494434,
    0.013328514993190765,
    0.01674722507596016,
    0.01833432912826538
  ],
  "agent_grad_norm_T": [
    3200,
    9600,
    16000,
    22400,
    28800,
    35200,
    41600
  ],
  "behaviour_BalanceLevelRewardAdaption_count": [
    0.0,
    0.0,
    0.0,
    0.0,
    0.0,
    0.0,
    0.0,
    0.0,
    0.0,
    0.0
  ],
  "behaviour_BalanceLevelRewardAdaption_count_T": [
    3200,
    3200,
    9600,
    16000,
    16000,
    22400,
    28800,
    28800,
    35200,
    41600
  ],
  "behaviour_BalanceLevelRewardAdaption_reward": [
    0.0,
    0.0,
    0.0,
    0.0,
    0.0,
    0.0,
    0.0,
    0.0,
    0.0,
    0.0
  ],
  "behaviour_BalanceLevelRewardAdaption_reward_T": [
    3200,
    3200,
    9600,
    16000,
    16000,
    22400,
    28800,
    28800,
    35200,
    41600
  ],
  "behaviour_CoordinatedPairMovement_count": [
    0.0,
    0.0,
    0.0,
    0.0,
    0.0,
    0.0,
    0.0,
    0.0,
    0.0,
    0.0
  ],
  "behaviour_CoordinatedPairMovement_count_T": [
    3200,
    3200,
    9600,
    16000,
    16000,
    22400,
    28800,
    28800,
    35200,
    41600
  ],
  "behaviour_CoordinatedPairMovement_reward": [
    0.0,
    0.0,
    0.0,
    0.0,
    0.0,
    0.0,
    0.0,
    0.0,
    0.0,
    0.0
  ],
  "behaviour_CoordinatedPairMovement_reward_T": [
    3200,
    3200,
    9600,
    16000,
    16000,
    22400,
    28800,
    28800,
    35200,
    41600
  ],
  "behaviour_RewardClosestFruit_count": [
    0.9328124999999999,
    0.93828125,
    0.940260416666667,
    0.9353125,
    0.9252556818181819,
    0.9207932692307691,
    0.9131874999999999,
    0.9014583333333334,
    0.8956875,
    0.8929687499999999
  ],
  "behaviour_RewardClosestFruit_count_T": [
    3200,
    3200,
    9600,
    16000,
    16000,
    22400,
    28800,
    28800,
    35200,
    41600
  ],
  "behaviour_RewardClosestFruit_reward": [
    0.021456250000000003,
    0.0212671874999999,
    0.021364583333333107,
    0.020912890624999767,
    0.020072159090909064,
    0.019709134615384667,
    0.019239583333333452,
    0.018580034722222413,
    0.018266718750000216,
    0.018086931818182057
  ],
  "behaviour_RewardClosestFruit_reward_T": [
    3200,
    3200,
    9600,
    16000,
    16000,
    22400,
    28800,
    28800,
    35200,
    41600
  ],
  "behaviour_SplitInGroups_count": [
    0.0,
    0.0,
    0.0,
    0.0,
    0.0,
    0.0,
    0.0,
    0.0,
    0.0,
    0.0
  ],
  "behaviour_SplitInGroups_count_T": [
    3200,
    3200,
    9600,
    16000,
    16000,
    22400,
    28800,
    28800,
    35200,
    41600
  ],
  "behaviour_SplitInGroups_reward": [
    0.0,
    0.0,
    0.0,
    0.0,
    0.0,
    0.0,
    0.0,
    0.0,
    0.0,
    0.0
  ],
  "behaviour_SplitInGroups_reward_T": [
    3200,
    3200,
    9600,
    16000,
    16000,
    22400,
    28800,
    28800,
    35200,
    41600
  ],
  "critic_grad_norm": [
    0.5531808137893677,
    0.28399550914764404,
    0.4776390790939331,
    0.1515708863735199,
    0.2779201567173004,
    0.14541791379451752,
    0.14988212287425995
  ],
  "critic_grad_norm_T": [
    3200,
    9600,
    16000,
    22400,
    28800,
    35200,
    41600
  ],
  "critic_loss": [
    0.03865508362650871,
    0.06727954000234604,
    0.10625219345092773,
    0.11106067895889282,
    0.1334443986415863,
    0.13568158447742462,
    0.14975185692310333
  ],
  "critic_loss_T": [
    3200,
    9600,
    16000,
    22400,
    28800,
    35200,
    41600
  ],
  "custom_coop_summed_mean": [
    0.11928359375,
    0.11994355468750001,
    0.12020312499999998,
    0.11952817382812495,
    0.11816598011363635,
    0.11756280048076925,
    0.11655338541666668,
    0.11500479600694445,
    0.11424427734375003,
    0.11388196022727275
  ],
  "custom_coop_summed_mean_T": [
    3200,
    3200,
    9600,
    16000,
    16000,
    22400,
    28800,
    28800,
    35200,
    41600
  ],
  "ep_length_mean": [
    100.0,
    100.0,
    100.0,
    100.0,
    100.0,
    100.0,
    100.0
  ],
  "ep_length_mean_T": [
    3200,
    9600,
    16000,
    22400,
    28800,
    35200,
    41600
  ],
  "episode": [
    256
  ],
  "episode_T": [
    25600
  ],
  "meta_learner_loss_mean": [
    0.013975021429359913,
    0.00039380059267083806,
    2.7485086775413947e-06,
    0.0,
    0.0,
    0.0,
    0.0,
    0.0,
    0.0,
    0.0
  ],
  "meta_learner_loss_mean_T": [
    3200,
    3200,
    9600,
    16000,
    16000,
    22400,
    28800,
    28800,
    35200,
    41600
  ],
  "meta_learner_prediction_mean": [
    5.203033012570812e-05,
    2.1997186409619945e-06,
    3.906938247382641e-08,
    0.0,
    0.0,
    0.0,
    0.0,
    0.0,
    0.0,
    0.0
  ],
  "meta_learner_prediction_mean_T": [
    3200,
    3200,
    9600,
    16000,
    16000,
    22400,
    28800,
    28800,
    35200,
    41600
  ],
  "metric_AgentsLevelDeviationMetric": [
    0.0,
    0.598010498674223,
    0.6384924724234258,
    0.7530209030473969,
    0.9032037175954286,
    0.9698349423710442,
    1.0206815069070339,
    1.1229111837348946,
    1.1549575419967713,
    1.1985991216213823
  ],
  "metric_AgentsLevelDeviationMetric_T": [
    3200,
    3200,
    9600,
    16000,
    16000,
    22400,
    28800,
    28800,
    35200,
    41600
  ],
  "metric_AgentsSummedLevelMetric": [
    0.0,
    5.8515625,
    6.526041666666668,
    7.4140625,
    8.698863636363637,
    9.307692307692307,
    9.777083333333334,
    10.65625,
    10.979687499999997,
    11.318181818181818
  ],
  "metric_AgentsSummedLevelMetric_T": [
    3200,
    3200,
    9600,
    16000,
    16000,
    22400,
    28800,
    28800,
    35200,
    41600
  ],
  "metric_CoupledCollectedFood": [
    0.0,
    0.015625,
    0.03125,
    0.046875,
    0.07386363636363635,
    0.08173076923076922,
    0.09583333333333333,
    0.13194444444444445,
    0.13437500000000002,
    0.13352272727272724
  ],
  "metric_CoupledCollectedFood_T": [
    3200,
    3200,
    9600,
    16000,
    16000,
    22400,
    28800,
    28800,
    35200,
    41600
  ],
  "metric_FirstAgentCoupleRewardMetric": [
    150.0,
    147.828125,
    146.03645833333334,
    144.52734375,
    142.19602272727275,
    141.1105769230769,
    140.70833333333334,
    137.40972222222226,
    137.0765625,
    136.59801136363635
  ],
  "metric_FirstAgentCoupleRewardMetric_T": [
    3200,
    3200,
    9600,
    16000,
    16000,
    22400,
    28800,
    28800,
    35200,
    41600
  ],
  "metric_FirstAgentRewardMetric": [
    150.0,
    57.4765625,
    47.47916666666666,
    39.82421875,
    32.80681818181818,
    29.788461538461544,
    27.512499999999992,
    25.16319444444445,
    23.943749999999998,
    22.626420454545464
  ],
  "metric_FirstAgentRewardMetric_T": [
    3200,
    3200,
    9600,
    16000,
    16000,
    22400,
    28800,
    28800,
    35200,
    41600
  ],
  "metric_HighestAgentLevelMetric": [
    0.0,
    2.2734375,
    2.4791666666666665,
    2.859375,
    3.3948863636363633,
    3.6418269230769234,
    3.8374999999999995,
    4.210069444444445,
    4.3374999999999995,
    4.4786931818181825
  ],
  "metric_HighestAgentLevelMetric_T": [
    3200,
    3200,
    9600,
    16000,
    16000,
    22400,
    28800,
    28800,
    35200,
    41600
  ],
  "metric_HighestLevelFoodMetric": [
    0.0,
    0.84375,
    0.9427083333333331,
    1.03125,
    1.1789772727272732,
    1.2427884615384615,
    1.2999999999999998,
    1.4079861111111107,
    1.4515625,
    1.481534090909091
  ],