{
  "episode": [
    1408,
    2468,
    3442,
    4264
  ],
  "episode_T": [
    50000,
    100207,
    150238,
    200259
  ],
  "epsilon": [
    1.0,
    0.809829,
    0.61943,
    0.42903100000000005,
    0.2388220000000001,
    0.05,
    0.05,
    0.05,
    0.05,
    0.05,
    0.05,
    0.05,
    0.05,
    0.05,
    0.05,
    0.05,
    0.05,
    0.05,
    0.05,
    0.05,
    0.05,
    0.05,
    0.05,
    0.05,
    0.05
  ],
  "epsilon_T": [
    36,
    10046,
    20063,
    30086,
    40097,
    50101,
    60481,
    70510,
    80552,
    90582,
    100617,
    110650,
    120768,
    130775,
    140808,
    151198,
    161468,
    171511,
    181567,
    191617,
    201652,
    211713,
    221771,
    231829,
    241894
  ],
  "grad_norm": [
    5.36314582824707,
    1.7354880571365356,
    16.498865127563477,
    22.047935485839844,
    13.482794761657715,
    17.301950454711914,
    27.44805145263672,
    51.347286224365234,
    11.512385368347168,
    25.507312774658203,
    21.547252655029297,
    47.23189163208008,
    56.39456558227539,
    41.83612823486328,
    37.724510192871094,
    15.663357734680176,
    65.92708587646484,
    48.964134216308594,
    193.754150390625,
    138.89828491210938,
    115.41442108154297,
    420.5689697265625,
    253.82638549804688,
    289.78118896484375,
    72.35956573486328
  ],
  "grad_norm_T": [
    1114,
    11119,
    21139,
    31171,
    41203,
    51210,
    61237,
    71269,
    81301,
    91305,
    101336,
    111350,
    121384,
    131409,
    141429,
    151453,
    161468,
    171511,
    181567,
    191617,
    201652,
    211713,
    221771,
    231829,
    241894
  ],
  "loss": [
    1.3847349882125854,
    0.6832947134971619,
    0.832997739315033,
    0.9347012639045715,
    0.9649361968040466,
    1.0115630626678467,
    1.1404911279678345,
    1.6303560733795166,
    1.0752549171447754,
    1.1418585777282715,
    1.1850626468658447,
    1.863864779472351,
    1.5062693357467651,
    1.4311552047729492,
    1.5316344499588013,
    1.4558660984039307,
    2.90403413772583,
    2.77707576751709,
    6.359219551086426,
    4.2312421798706055,
    5.39066219329834,
    10.549429893493652,
    5.944098949432373,
    7.313162803649902,
    4.0114545822143555
  ],
  "loss_T": [
    1114,
    11119,
    21139,
    31171,
    41203,
    51210,
    61237,
    71269,
    81301,
    91305,
    101336,
    111350,
    121384,
    131409,
    141429,
    151453,
    161468,
    171511,
    181567,
    191617,
    201652,
    211713,
    221771,
    231829,
    241894
  ],
  "q_taken_mean": [
    0.06001042035580537,
    0.32185057846456994,
    0.5280144276418678,
    0.9152332186984787,
    0.9404181762440317,
    1.269649941711793,
    1.382877144472639,
    1.437005255339952,
    1.6309859824391593,
    1.273211060109969,
    1.53855279121902,
    2.194728209217856,
    1.611031405392661,
    1.1906730887003385,
    1.705711565072875,
    1.2098780078951346,
    2.841492180652936,
    2.22214139989021,
    3.8911271686575652,
    2.8152070525956283,
    4.19446274371536,
    3.589868971953188,
    2.474713495020897,
    4.981221228753541,
    2.7261418668076987
  ],
  "q_taken_mean_T": [
    1114,
    11119,
    21139,
    31171,
    41203,
    51210,
    61237,
    71269,
    81301,
    91305,
    101336,
    111350,
    121384,
    131409,
    141429,
    151453,
    161468,
    171511,
    181567,
    191617,
    201652,
    211713,
    221771,
    231829,
    241894
  ],
  "target_max_qvals_mean": [
    0.12643998772137754,
    0.29982992732127145,
    0.44895351888311735,
    0.8320359337529976,
    0.9390390112093405,
    1.2080022304640494,
    1.280265823817667,
    1.4638278194569796,
    1.549380934273599,
    1.2822069190014367,
    1.4432208177012278,
    2.0294065581714844,
    1.4756192040323504,
    1.1833570471171833,
    1.6683402305504562,
    1.1666187829357435,
    2.6202027757997373,
    2.1428894199871467,
    3.638353020122298,
    2.8097521772540985,
    4.098121721595407,
    3.4029313426906778,
    2.5737769479273287,
    4.774446337936733,
    2.6504392343827776
  ],
  "target_max_qvals_mean_T": [
    1114,
    11119,
    21139,
    31171,
    41203,
    51210,
    61237,
    71269,
    81301,
    91305,
    101336,
    111350,
    121384,
    131409,
    141429,
    151453,
    161468,
    171511,
    181567,
    191617,
    201652,
    211713,
    221771,
    231829,
    241894
  ],
  "target_mean": [
    0.13853384277051542,
    0.3210161884589264,
    0.46513341699713284,
    0.848785400390625,
    0.9688832537162414,
    1.2339982125733304,
    1.3296217350231685,
    1.527449367996014,
    1.617642508987832,
    1.3303325190995248,
    1.5072187464472488,
    2.1390307712755945,
    1.5468649530606995,
    1.253805166299216,
    1.7717856664789164,
    1.218598232920633,
    2.759389036481157,
    2.227578183577014,
    3.763644100184869,
    2.8973712858606557,
    4.210178724597519,
    3.48435844809322,
    2.6354284947010407,
    4.86699845815628,
    2.706822067622781
  ],
  "target_mean_T": [
    1114,
    11119,
    21139,
    31171,
    41203,
    51210,
    61237,
    71269,
    81301,
    91305,
    101336,
    111350,
    121384,
    131409,
    141429,
    151453,
    161468,
    171511,
    181567,
    191617,
    201652,
    211713,
    221771,
    231829,
    241894
  ],
  "td_error_abs": [
    0.7407475305416854,
    0.6179485618794479,
    0.7069035616168174,
    0.7558526238091559,
    0.716914901801701,
    0.7790373103282943,
    0.8490625366318678,
    0.939046260682254,
    0.7945672229327987,
    0.7673268609084881,
    0.7856867479269697,
    1.0666351731876693,
    0.8578165522655178,
    0.7608290264021579,
    0.9418471047333945,
    0.8030871393890242,
    1.3033404471475132,
    1.0642984973740761,
    1.7553256819272611,
    1.281391441470287,
    1.5966420902303544,
    1.7655688417448547,
    1.5145819672786591,
    1.8161600345254958,
    1.1411169269537083
  ],
  "td_error_abs_T": [
    1114,
    11119,
    21139,
    31171,
    41203,
    51210,
    61237,
    71269,
    81301,
    91305,
    101336,
    111350,
    121384,
    131409,
    141429,
    151453,
    161468,
    171511,
    181567,
    191617,
    201652,
    211713,
    221771,
    231829,
    241894
  ],
  "test_attacking_same_enemy_pos_mean": [
    0.12374999999999997,
    0.048437499999999994,
    0.03972972972972974,
    0.03083333333333333,
    0.047272727272727286
  ],
  "test_attacking_same_enemy_pos_mean_T": [
    36,
    50068,
    100207,
    150238,
    200259
  ],
  "test_battle_won_mean": [
    0.0,
    0.0,
    0.0,
    0.0,
    0.0
  ],
  "test_battle_won_mean_T": [
    36,
    50068,
    100207,
    150238,
    200259
  ],
  "test_custom_coop_metrics_summed_mean": [
    {
      "dtype": "float64",
      "py/object": "numpy.float64",
      "value": 6.333116606846763
    },
    {
      "dtype": "float64",
      "py/object": "numpy.float64",
      "value": 6.86095781621011
    },
    {
      "dtype": "float64",
      "py/object": "numpy.float64",
      "value": 5.282802512461469
    },
    {
      "dtype": "float64",
      "py/object": "numpy.float64",
      "value": 7.780567029186008
    },
    {
      "dtype": "float64",
      "py/object": "numpy.float64",
      "value": 6.4341640732962295
    }
  ],
  "test_custom_coop_metrics_summed_mean_T": [
    36,
    50068,
    100207,
    150238,
    200259
  ],
  "test_dead_allies_mean": [
    6.0,
    5.97,
    5.83,
    5.69,
    5.96
  ],
  "test_dead_allies_mean_T": [
    36,
    50068,
    100207,
    150238,
    200259
  ],
  "test_dead_enemies_mean": [
    2.28,
    4.33,
    5.09,
    4.64,
    3.37
  ],
  "test_dead_enemies_mean_T": [
    36,
    50068,
    100207,
    150238,
    200259
  ],
  "test_ep_length_mean": [
    47.02,
    42.62,
    53.48,
    92.85,
    65.41
  ],
  "test_ep_length_mean_T": [
    36,
    50068,
    100207,
    150238,
    200259
  ],