{
  "epsilon": [
    1.0,
    0.98024,
    0.960632,
    0.9410620000000001,
    0.921644
  ],
  "epsilon_T": [
    44,
    1081,
    2118,
    3144,
    4167
  ],
  "grad_norm": [
    1.8422176837921143,
    0.39118120074272156,
    0.6570820808410645,
    0.3687734603881836
  ],
  "grad_norm_T": [
    1385,
    2420,
    3443,
    4468
  ],
  "loss": [
    1.2004903554916382,
    0.7261273264884949,
    0.6918081045150757,
    0.6794466972351074
  ],
  "loss_T": [
    1385,
    2420,
    3443,
    4468
  ],
  "q_taken_mean": [
    -0.18556126343214124,
    -0.15992759059538994,
    -0.13014063531952785,
    -0.14151231173811288
  ],
  "q_taken_mean_T": [
    1385,
    2420,
    3443,
    4468
  ],
  "target_mean": [
    -0.09935166121389892,
    -0.15248854167259818,
    -0.1532762340038498,
    -0.1458930092296381
  ],
  "target_mean_T": [
    1385,
    2420,
    3443,
    4468
  ],
  "td_error_abs": [
    0.6125861983867329,
    0.5091658166824208,
    0.497017612347024,
    0.48721567789713544
  ],
  "td_error_abs_T": [
    1385,
    2420,
    3443,
    4468
  ],
  "test_battle_won_mean": [
    0.0
  ],
  "test_battle_won_mean_T": [
    44
  ],
  "test_dead_allies_mean": [
    2.0
  ],
  "test_dead_allies_mean_T": [
    44
  ],
  "test_dead_enemies_mean": [
    1.24
  ],
  "test_dead_enemies_mean_T": [
    44
  ],
  "test_ep_length_mean": [
    62.98
  ],
  "test_ep_length_mean_T": [
    44
  ],
  "test_return_mean": [
    {
      "dtype": "float64",
      "py/object": "numpy.float64",
      "value": 2.2969199916294643
    }
  ],
  "test_return_mean_T": [
    44
  ],
  "test_return_std": [
    {
      "dtype": "float64",
      "py/object": "numpy.float64",
      "value": 1.980229854875909
    }
  ],
  "test_return_std_T": [
    44
  ]
}