{
  "AttackingSame_count": [
    4.97
  ],
  "AttackingSame_count_T": [
    35
  ],
  "AttackingSame_reward": [
    166.4
  ],
  "AttackingSame_reward_T": [
    35
  ],
  "NotAttacking_count": [
    0.0
  ],
  "NotAttacking_count_T": [
    35
  ],
  "NotAttacking_reward": [
    0.0
  ],
  "NotAttacking_reward_T": [
    35
  ],
  "SplitInGroups_count": [
    0.0
  ],
  "SplitInGroups_count_T": [
    35
  ],
  "SplitInGroups_reward": [
    0.0
  ],
  "SplitInGroups_reward_T": [
    35
  ],
  "StayTogether_count": [
    1.64
  ],
  "StayTogether_count_T": [
    35
  ],
  "StayTogether_reward": [
    16.4
  ],
  "StayTogether_reward_T": [
    35
  ],
  "StayTogether_total_group_distance": [
    {
      "dtype": "float64",
      "py/object": "numpy.float64",
      "value": 232983.9001165043
    }
  ],
  "StayTogether_total_group_distance_T": [
    35
  ],
  "StayTogether_total_group_distance_delta": [
    {
      "dtype": "float64",
      "py/object": "numpy.float64",
      "value": -1786.7048260045797
    }
  ],
  "StayTogether_total_group_distance_delta_T": [
    35
  ],
  "TeamUp_count": [
    0.12
  ],
  "TeamUp_count_T": [
    35
  ],
  "TeamUp_reward": [
    1.2
  ],
  "TeamUp_reward_T": [
    35
  ],
  "custom_coop_summed_mean": [
    {
      "dtype": "float64",
      "py/object": "numpy.float64",
      "value": 1928232.7107541643
    }
  ],
  "custom_coop_summed_mean_T": [
    35
  ],
  "episode": [
    23,
    47,
    75,
    100
  ],
  "episode_T": [
    1000,
    2010,
    3103,
    4137
  ],
  "epsilon": [
    1.0,
    0.980354,
    0.96124,
    0.94319,
    0.9222710000000001
  ],
  "epsilon_T": [
    35,
    1067,
    2072,
    3103,
    4137
  ],
  "grad_norm": [
    2.240122079849243,
    0.46039295196533203,
    0.5459083914756775,
    1.6483774185180664
  ],
  "grad_norm_T": [
    1344,
    2363,
    3383,
    4397
  ],
  "loss": [
    2.9498043060302734,
    2.816646099090576,
    2.8600103855133057,
    2.8511173725128174
  ],
  "loss_T": [
    1344,
    2363,
    3383,
    4397
  ],
  "q_taken_mean": [
    -0.056834476334708076,
    0.03246714200587631,
    0.005339893905993443,
    0.01620867133760063
  ],
  "q_taken_mean_T": [
    1344,
    2363,
    3383,
    4397
  ],
  "target_max_qvals_mean": [
    -0.029729337919326054,
    -0.040195002032153176,
    -0.06278478127410364,
    -0.06254369768285716
  ],
  "target_max_qvals_mean_T": [
    1344,
    2363,
    3383,
    4397
  ],
  "target_mean": [
    0.048883313224429174,
    0.03865188808110408,
    0.019989015098463358,
    0.028720116562195502
  ],
  "target_mean_T": [
    1344,
    2363,
    3383,
    4397
  ],
  "td_error_abs": [
    0.5284487860543388,
    0.37362097591334,
    0.36060615716447736,
    0.41792815051967336
  ],
  "td_error_abs_T": [
    1344,
    2363,
    3383,
    4397
  ],
  "test_battle_won_mean": [
    0.0
  ],
  "test_battle_won_mean_T": [
    35
  ],
  "test_dead_allies_mean": [
    2.24
  ],
  "test_dead_allies_mean_T": [
    35
  ],
  "test_dead_enemies_mean": [
    2.39
  ],
  "test_dead_enemies_mean_T": [
    35
  ],
  "test_ep_length_mean": [
    98.27
  ],
  "test_ep_length_mean_T": [
    35
  ],
  "test_only_built_in_return_mean": [
    {
      "dtype": "float64",
      "py/object": "numpy.float64",
      "value": 5.930970394736842
    }
  ],
  "test_only_built_in_return_mean_T": [
    35
  ],
  "test_only_built_in_return_std": [
    {
      "dtype": "float64",
      "py/object": "numpy.float64",
      "value": 1.1521774195401864
    }
  ],
  "test_only_built_in_return_std_T": [
    35
  ],
  "test_only_custom_return_mean": [
    {
      "dtype": "float64",
      "py/object": "numpy.float64",
      "value": 0.0
    }
  ],
  "test_only_custom_return_mean_T": [
    35
  ],
  "test_only_custom_return_std": [
    {
      "dtype": "float64",
      "py/object": "numpy.float64",
      "value": 0.0
    }
  ],
  "test_only_custom_return_std_T": [
    35
  ],
  "test_summed_return_mean": [
    {
      "dtype": "float64",
      "py/object": "numpy.float64",
      "value": 5.930970394736842
    }
  ],
  "test_summed_return_mean_T": [
    35
  ],
  "test_summed_return_std": [
    {
      "dtype": "float64",
      "py/object": "numpy.float64",
      "value": 1.1521774195401864
    }
  ],
  "test_summed_return_std_T": [
    35
  ]
}