{
  "battle_won_mean": [
    0.0
  ],
  "battle_won_mean_T": [
    10009
  ],
  "dead_allies_mean": [
    2.0
  ],
  "dead_allies_mean_T": [
    10009
  ],
  "dead_enemies_mean": [
    0.508695652173913
  ],
  "dead_enemies_mean_T": [
    10009
  ],
  "ep_length_mean": [
    43.517391304347825
  ],
  "ep_length_mean_T": [
    10009
  ],
  "episode": [
    115
  ],
  "episode_T": [
    5031
  ],
  "epsilon": [
    1.0,
    0.980886,
    0.960575,
    0.941328,
    0.9220430000000001,
    0.902777,
    0.8832450000000001,
    0.864245,
    0.845036,
    0.825941
  ],
  "epsilon_T": [
    45,
    1095,
    2118,
    3130,
    4142,
    5157,
    6187,
    7189,
    8198,
    9204
  ],
  "grad_norm": [
    4.070398807525635,
    0.5836628675460815,
    0.9882289171218872,
    0.7392545938491821,
    0.7193325161933899,
    0.6612827181816101,
    3.1443073749542236,
    2.4943740367889404,
    0.9527024626731873
  ],
  "grad_norm_T": [
    1441,
    2485,
    3511,
    4512,
    5545,
    6584,
    7589,
    8601,
    9631
  ],
  "loss": [
    2.0374765396118164,
    1.2473654747009277,
    1.0295374393463135,
    0.8666052222251892,
    0.8566004633903503,
    0.8247102499008179,
    0.9595198631286621,
    0.7861951589584351,
    0.7287381887435913
  ],
  "loss_T": [
    1441,
    2485,
    3511,
    4512,
    5545,
    6584,
    7589,
    8601,
    9631
  ],
  "q_taken_mean": [
    -0.06145398406664751,
    0.06518684733997691,
    0.08885121160176955,
    0.020142716751581167,
    0.04550662617987065,
    0.05477623555852079,
    -0.005320630108352996,
    -0.004055216231129386,
    0.042458633939912185
  ],
  "q_taken_mean_T": [
    1441,
    2485,
    3511,
    4512,
    5545,
    6584,
    7589,
    8601,
    9631
  ],
  "return_mean": [
    {
      "dtype": "float64",
      "py/object": "numpy.float64",
      "value": 3.659134802018633
    }
  ],
  "return_mean_T": [
    10009
  ],
  "return_std": [
    {
      "dtype": "float64",
      "py/object": "numpy.float64",
      "value": 0.9115380982527799
    }
  ],
  "return_std_T": [
    10009
  ],
  "target_mean": [
    0.1435320693366152,
    0.06131675026633523,
    0.054217971424331934,
    0.03757812703736467,
    0.03157440676732527,
    0.04790970374797952,
    0.06220681406285641,
    0.047502187165347015,
    0.04708434354511198
  ],
  "target_mean_T": [
    1441,
    2485,
    3511,
    4512,
    5545,
    6584,
    7589,
    8601,
    9631
  ],
  "td_error_abs": [
    0.6717718205130986,
    0.7050556703047319,
    0.6211268340740945,
    0.5434294088742972,
    0.5338077531818579,
    0.5315097501908226,
    0.553708620837135,
    0.5086242502385919,
    0.5008453391143205
  ],
  "td_error_abs_T": [
    1441,
    2485,
    3511,
    4512,
    5545,
    6584,
    7589,
    8601,
    9631
  ],
  "test_battle_won_mean": [
    0.0,
    0.0
  ],
  "test_battle_won_mean_T": [
    45,
    5073
  ],
  "test_dead_allies_mean": [
    2.0,
    1.98
  ],
  "test_dead_allies_mean_T": [
    45,
    5073
  ],
  "test_dead_enemies_mean": [
    1.24,
    2.73
  ],
  "test_dead_enemies_mean_T": [
    45,
    5073
  ],
  "test_ep_length_mean": [
    45.94,
    50.38
  ],
  "test_ep_length_mean_T": [
    45,
    5073
  ],
  "test_return_mean": [
    {
      "dtype": "float64",
      "py/object": "numpy.float64",
      "value": 2.368372977120536
    },
    {
      "dtype": "float64",
      "py/object": "numpy.float64",
      "value": 5.887002476283481
    }
  ],
  "test_return_mean_T": [
    45,
    5073
  ],
  "test_return_std": [
    {
      "dtype": "float64",
      "py/object": "numpy.float64",
      "value": 1.204800815304623
    },
    {
      "dtype": "float64",
      "py/object": "numpy.float64",
      "value": 1.2740199805493162
    }
  ],
  "test_return_std_T": [
    45,
    5073
  ]
}