{
  "episode": [
    116,
    233,
    349,
    466,
    589,
    706,
    822,
    924,
    1018,
    1110,
    1194
  ],
  "episode_T": [
    5038,
    10094,
    15096,
    20097,
    25121,
    30147,
    35184,
    40224,
    45225,
    50246,
    55276
  ],
  "epsilon": [
    1.0,
    0.980202,
    0.960632,
    0.941632,
    0.921853,
    0.902549,
    0.8827510000000001,
    0.863352,
    0.844276,
    0.824668,
    0.805022,
    0.7858510000000001,
    0.767269,
    0.746236,
    0.726932,
    0.7077040000000001,
    0.688096,
    0.6686780000000001,
    0.649564,
    0.630317,
    0.6113360000000001,
    0.5916140000000001,
    0.5722530000000001,
    0.552911,
    0.5335690000000001,
    0.513885,
    0.4944670000000001,
    0.4752390000000001,
    0.4559540000000001,
    0.4366500000000001,
    0.4170990000000001,
    0.397757,
    0.37847200000000003,
    0.3587690000000001,
    0.33984500000000006,
    0.3202370000000001,
    0.3007810000000001,
    0.28138200000000013,
    0.26175500000000007,
    0.2423940000000001,
    0.2224060000000001,
    0.20355800000000013,
    0.18379800000000013,
    0.16377200000000014,
    0.14454400000000012,
    0.12522100000000014,
    0.10557500000000009,
    0.08558700000000008,
    0.06588400000000016,
    0.05,
    0.05,
    0.05,
    0.05,
    0.05,
    0.05,
    0.05,
    0.05
  ],
  "epsilon_T": [
    45,
    1084,
    2116,
    3117,
    4164,
    5183,
    6213,
    7234,
    8239,
    9269,
    10303,
    11311,
    12367,
    13396,
    14419,
    15427,
    16457,
    17482,
    18493,
    19500,
    20501,
    21532,
    22552,
    23573,
    24594,
    25627,
    26649,
    27663,
    28686,
    29693,
    30717,
    31747,
    32755,
    33791,
    34801,
    35817,
    36841,
    37888,
    38910,
    39936,
    40982,
    41985,
    43025,
    44052,
    45064,
    46105,
    47136,
    48169,
    49231,
    50246,
    51259,
    52310,
    53362,
    54381,
    55410,
    56439,
    57463
  ],
  "grad_norm": [
    2.116055727005005,
    0.47789308428764343,
    0.847888708114624,
    1.3268622159957886,
    1.2871122360229492,
    1.130127191543579,
    2.617886781692505,
    1.9953886270523071,
    1.323466181755066,
    5.1182541847229,
    0.8447080850601196,
    1.2374744415283203,
    1.0785950422286987,
    1.0143028497695923,
    1.3682339191436768,
    1.0610405206680298,
    1.1416904926300049,
    17.51945686340332,
    4.981982231140137,
    0.8312782049179077,
    1.0086519718170166,
    1.7029662132263184,
    1.3081109523773193,
    1.942926287651062,
    2.699928045272827,
    1.4984489679336548,
    2.7146096229553223,
    1.1201527118682861,
    1.069511890411377,
    1.4536598920822144,
    1.1778011322021484,
    1.551918387413025,
    1.202074646949768,
    1.3423725366592407,
    8.041936874389648,
    2.3134560585021973,
    1.3808135986328125,
    2.8021163940429688,
    1.6251957416534424,
    1.4930016994476318,
    2.4409563541412354,
    1.5848057270050049,
    3.1160836219787598,
    1.6278990507125854,
    23.60017204284668,
    4.364983081817627,
    1.8522840738296509,
    1.7499364614486694,
    3.0333077907562256,
    3.6821751594543457,
    2.9083142280578613,
    1.7256618738174438,
    1.75791597366333,
    1.7039228677749634,
    2.4149742126464844,
    6.1892828941345215
  ],
  "grad_norm_T": [
    1381,
    2421,
    3424,
    4430,
    5440,
    6466,
    7489,
    8495,
    9509,
    10510,
    11526,
    12541,
    13576,
    14583,
    15598,
    16627,
    17652,
    18653,
    19674,
    20680,
    21695,
    22714,
    23745,
    24771,
    25793,
    26824,
    27845,
    28851,
    29884,
    30893,
    31927,
    32951,
    33964,
    34989,
    35990,
    36997,
    38003,
    39049,
    40094,
    41149,
    42178,
    43190,
    44219,
    45225,
    46228,
    47236,
    48258,
    49297,
    50312,
    51364,
    52396,
    53430,
    54447,
    55466,
    56475,
    57500
  ],
  "loss": [
    1.0346527099609375,
    0.7399101257324219,
    0.6566509008407593,
    0.6773508787155151,
    0.6391735672950745,
    0.5752557516098022,
    0.5823649168014526,
    0.5583277344703674,
    0.4878540337085724,
    0.5877889394760132,
    0.4337292015552521,
    0.4080497622489929,
    0.3683026432991028,
    0.37308698892593384,
    0.4180589020252228,
    0.3402876555919647,
    0.37155458331108093,
    1.5541309118270874,
    0.5268876552581787,
    0.36973893642425537,
    0.36868786811828613,
    0.37019163370132446,
    0.3492238223552704,
    0.37995266914367676,
    0.3836933970451355,
    0.3803393542766571,
    0.44827038049697876,
    0.3859173357486725,
    0.38058242201805115,
    0.36037227511405945,
    0.3540537655353546,
    0.3717138171195984,
    0.37964579463005066,
    0.36992278695106506,
    0.5970222353935242,
    0.4527148902416229,
    0.37638193368911743,
    0.38022997975349426,
    1.4288262128829956,
    1.4659115076065063,
    0.3638598620891571,
    2.5858311653137207,
    0.49252626299858093,
    2.5710196495056152,
    1.0760571956634521,
    0.933977484703064,
    0.5032356381416321,
    1.330740213394165,
    0.4490486681461334,
    0.4217331111431122,
    0.4271838665008545,
    0.4621000587940216,
    0.3709269165992737,
    1.1406548023223877,
    1.5071115493774414,
    1.2152671813964844
  ],
  "loss_T": [
    1381,
    2421,
    3424,
    4430,
    5440,
    6466,
    7489,
    8495,
    9509,
    10510,
    11526,
    12541,
    13576,
    14583,
    15598,
    16627,
    17652,
    18653,
    19674,
    20680,
    21695,
    22714,
    23745,
    24771,
    25793,
    26824,
    27845,
    28851,
    29884,
    30893,
    31927,
    32951,
    33964,
    34989,
    35990,
    36997,
    38003,
    39049,
    40094,
    41149,
    42178,
    43190,
    44219,
    45225,
    46228,
    47236,
    48258,
    49297,
    50312,
    51364,
    52396,
    53430,
    54447,
    55466,
    56475,
    57500
  ],
  "q_taken_mean": [
    0.3090990247457119,
    0.30527282626258617,
    0.315955099568597,
    0.2791930581921729,
    0.3023556855692925,
    0.3217512428977273,
    0.2963367204520697,
    0.37067723049144424,
    0.31666808069912583,
    0.7652824325233142,
    0.6068358211573268,
    0.6727375746587031,
    0.6239175951463257,
    0.6149550284633934,
    0.6250040631218343,
    0.6409504340740494,
    0.6417532065480026,
    0.5953842681642038,
    0.9187614993772645,
    0.8329896621036808,
    0.8213872494904891,
    0.8606173708283875,
    0.8432729302041239,
    0.821788497835572,
    0.9013581318388353,
    0.8541956011785647,
    1.0378052932434307,
    1.0961145406497659,
    1.135324848562047,
    1.1495717927934144,
    1.1129724523523352,
    1.0447041906784695,
    1.045489018941097,
    1.039266304347826,
    1.122733644473359,
    1.362071473197909,
    1.3320114476782174,
    1.3973325007086168,
    1.3221773188164894,
    1.3777639241236161,
    1.26773889195335,
    1.3697138511896814,
    1.2592099379208754,
    1.341037000254155,
    1.873221431293554,
    1.6428314913729005,
    1.589844918935961,
    1.4871314152324344,
    1.5125278087144487,
    1.5030638757413322,
    1.3473091147323983,
    1.6109665347556779,
    1.4652366048942242,
    1.5506139139892905,
    1.5384483574340062,
    1.8489735711912723
  ],
  "q_taken_mean_T": [
    1381,
    2421,
    3424,
    4430,
    5440,
    6466,
    7489,
    8495,
    9509,
    10510,
    11526,
    12541,
    13576,
    14583,
    15598,
    16627,
    17652,
    18653,
    19674,
    20680,
    21695,
    22714,
    23745,
    24771,
    25793,
    26824,
    27845,
    28851,
    29884,
    30893,
    31927,
    32951,
    33964,
    34989,
    35990,
    36997,
    38003,
    39049,
    40094,
    41149,
    42178,
    43190,
    44219,
    45225,
    46228,
    47236,
    48258,
    49297,
    50312,
    51364,
    52396,
    53430,
    54447,
    55466,
    56475,
    57500
  ],