{
  "custom_coop_summed_mean": [
    0.0
  ],
  "custom_coop_summed_mean_T": [
    40
  ],
  "episode": [
    11,
    22,
    33,
    46,
    59,
    70,
    83,
    93,
    104,
    115
  ],
  "episode_T": [
    514,
    1025,
    1537,
    2043,
    2567,
    3093,
    3594,
    4131,
    4652,
    5184
  ],
  "epsilon": [
    1.0,
    0.997815,
    0.99544,
    0.992837,
    0.990234,
    0.986852,
    0.984667,
    0.982482,
    0.980525,
    0.978283,
    0.977637,
    0.974236,
    0.971842,
    0.969467,
    0.967339,
    0.965097,
    0.962874,
    0.960518,
    0.95839,
    0.9562620000000001,
    0.953678,
    0.951227,
    0.949175,
    0.946648,
    0.944501,
    0.943133,
    0.93996,
    0.937832,
    0.935438,
    0.933215,
    0.930916,
    0.930194,
    0.92761,
    0.9246650000000001,
    0.923392,
    0.919896,
    0.917274,
    0.9143290000000001,
    0.911612,
    0.910871,
    0.908363,
    0.905152,
    0.903081,
    0.901504,
    0.897894,
    0.895861
  ],
  "epsilon_T": [
    40,
    149,
    278,
    419,
    597,
    732,
    846,
    974,
    1074,
    1177,
    1277,
    1407,
    1537,
    1647,
    1759,
    1884,
    1988,
    2116,
    2222,
    2340,
    2484,
    2607,
    2722,
    2850,
    2958,
    3093,
    3194,
    3310,
    3440,
    3558,
    3674,
    3774,
    3887,
    3998,
    4131,
    4275,
    4428,
    4566,
    4691,
    4791,
    4909,
    5026,
    5136,
    5284,
    5408,
    5532
  ],
  "grad_norm": [
    4.339317798614502,
    1.554197072982788,
    2.299651861190796,
    0.8569321632385254,
    2.2355501651763916,
    1.683683156967163,
    3.0987515449523926,
    3.0489678382873535,
    1.1324002742767334,
    1.4612377882003784,
    0.8272154331207275,
    1.8142892122268677,
    0.8675656914710999,
    1.447914719581604,
    0.719815731048584,
    1.3338251113891602,
    0.5941711664199829,
    0.7058182954788208,
    0.7025291919708252,
    1.5530290603637695,
    0.5643558502197266,
    0.7723985910415649,
    1.1967484951019287,
    0.7481616735458374,
    0.7393244504928589,
    0.48899778723716736,
    0.5339912176132202,
    0.6719027161598206,
    1.1740071773529053,
    0.9040030837059021,
    1.1567177772521973,
    0.5582910180091858,
    0.5621302127838135,
    1.0473809242248535
  ],
  "grad_norm_T": [
    1482,
    1607,
    1719,
    1837,
    1954,
    2078,
    2190,
    2302,
    2438,
    2567,
    2675,
    2808,
    2921,
    3093,
    3194,
    3310,
    3440,
    3558,
    3674,
    3774,
    3887,
    3998,
    4131,
    4275,
    4428,
    4566,
    4691,
    4791,
    4909,
    5026,
    5136,
    5284,
    5408,
    5532
  ],
  "loss": [
    2.180713415145874,
    1.8175373077392578,
    1.82783043384552,
    1.6267045736312866,
    1.6450010538101196,
    1.291494369506836,
    1.1374729871749878,
    1.0751068592071533,
    0.927043080329895,
    0.774441659450531,
    0.8044459819793701,
    0.8057795166969299,
    0.7078626751899719,
    0.6702494621276855,
    0.6582196950912476,
    0.6001319885253906,
    0.685317873954773,
    0.650128185749054,
    0.5884165167808533,
    0.6402319669723511,
    0.5676368474960327,
    0.5017467141151428,
    0.6070440411567688,
    0.4469038248062134,
    0.4506758153438568,
    0.49751022458076477,
    0.4462936520576477,
    0.4351731538772583,
    0.5246481895446777,
    0.5088774561882019,
    0.5319392681121826,
    0.4717355966567993,
    0.429558128118515,
    0.46683254837989807
  ],
  "loss_T": [
    1482,
    1607,
    1719,
    1837,
    1954,
    2078,
    2190,
    2302,
    2438,
    2567,
    2675,
    2808,
    2921,
    3093,
    3194,
    3310,
    3440,
    3558,
    3674,
    3774,
    3887,
    3998,
    4131,
    4275,
    4428,
    4566,
    4691,
    4791,
    4909,
    5026,
    5136,
    5284,
    5408,
    5532
  ],
  "q_taken_mean": [
    0.024336858381304824,
    0.14110411578365065,
    0.15518629834087316,
    0.1026875071906776,
    0.07683009487803788,
    0.11741149250722865,
    0.11268130225174439,
    0.07488191081432236,
    0.09869688612629264,
    0.10506161832616397,
    0.07618681124555386,
    0.07430719271980543,
    0.09528119582130858,
    0.10399614559706821,
    0.10030719479887543,
    0.07408865281218771,
    0.11067548651127856,
    0.09194687665519068,
    0.10292310116895989,
    0.10406323621119734,
    0.07391001731361149,
    0.0847501656058785,
    0.11291966347798814,
    0.0762053219392338,
    0.07922074101748638,
    0.09878893853578985,
    0.08484284956901612,
    0.08787639787407438,
    0.09672195767560575,
    0.0996237403759058,
    0.11067124151754841,
    0.09500873503842935,
    0.09945426247336647,
    0.11975757899040299
  ],
  "q_taken_mean_T": [
    1482,
    1607,
    1719,
    1837,
    1954,
    2078,
    2190,
    2302,
    2438,
    2567,
    2675,
    2808,
    2921,
    3093,
    3194,
    3310,
    3440,
    3558,
    3674,
    3774,
    3887,
    3998,
    4131,
    4275,
    4428,
    4566,
    4691,
    4791,
    4909,
    5026,
    5136,
    5284,
    5408,
    5532
  ],
  "target_max_qvals_mean": [
    0.04374307279805584,
    0.04083255214856797,
    0.031630592587458276,
    0.02143745368861216,
    0.0183868779038599,
    0.020383726506895017,
    0.020223544064308204,
    0.01861018379271846,
    0.014918994211493106,
    0.012636378773471766,
    0.007882712656243384,
    0.005574505619715664,
    0.011459398959769124,
    0.013044578798355595,
    0.014072780939121973,
    0.015006826910314998,
    0.0076202146080744555,
    0.007934004151829922,
    0.004188703565455195,
    0.006476596964788895,
    0.00682355617204867,
    0.008438553710083861,
    0.007494838185554003,
    0.013975724816959809,
    0.011520241360180714,
    0.012168179446114135,
    0.01625165372023227,
    0.0161133284117434,
    0.015759229353976955,
    0.012602148747098618,
    0.015827718183377637,
    0.01187892319704127,
    0.013732904376405657,
    0.010375563910756063
  ],
  "target_max_qvals_mean_T": [
    1482,
    1607,
    1719,
    1837,
    1954,
    2078,
    2190,
    2302,
    2438,
    2567,
    2675,
    2808,
    2921,
    3093,
    3194,
    3310,
    3440,
    3558,
    3674,
    3774,
    3887,
    3998,
    4131,
    4275,
    4428,
    4566,
    4691,
    4791,
    4909,
    5026,
    5136,
    5284,
    5408,
    5532
  ],
  "target_mean": [
    0.12318148181827766,
    0.11643680427260772,
    0.11505549867138089,
    0.10461557610339235,
    0.10903472136905826,
    0.11145316670373666,
    0.0981476141693967,
    0.10414714772036987,
    0.0993733576316446,
    0.0922290385010754,
    0.07951811503588668,
    0.09343104873634821,
    0.08761747690170572,
    0.08398848502866683,
    0.09426031304065743,
    0.09015275623542639,
    0.10848957179004137,
    0.09180057219222089,
    0.09721745277518656,
    0.09333041375069291,
    0.07739241948369101,
    0.09019699416794143,
    0.10090704479356752,
    0.08301327139298546,
    0.0856409081964772,
    0.09607388990049806,
    0.0857683366884197,
    0.08145921735401239,
    0.09039955384005938,
    0.10527167721071105,
    0.09945238042174533,
    0.09878788222890239,
    0.10220114043264678,
    0.11136540820163293
  ],
  "target_mean_T": [
    1482,
    1607,
    1719,
    1837,
    1954,
    2078,
    2190,
    2302,
    2438,
    2567,
    2675,
    2808,
    2921,
    3093,
    3194,
    3310,
    3440,
    3558,
    3674,
    3774,
    3887,
    3998,
    4131,
    4275,
    4428,
    4566,
    4691,
    4791,
    4909,
    5026,
    5136,
    5284,
    5408,
    5532
  ],