{
  "AttackingSame_count": [
    6.37,
    10.06,
    7.65,
    10.88,
    15.12,
    16.37
  ],
  "AttackingSame_count_T": [
    35,
    5042,
    10070,
    15115,
    20116,
    25133
  ],
  "AttackingSame_reward": [
    175.3,
    282.7,
    166.6,
    311.0,
    394.8,
    397.3
  ],
  "AttackingSame_reward_T": [
    35,
    5042,
    10070,
    15115,
    20116,
    25133
  ],
  "NotAttacking_count": [
    0.0,
    0.02,
    0.04,
    0.01,
    0.04,
    0.0
  ],
  "NotAttacking_count_T": [
    35,
    5042,
    10070,
    15115,
    20116,
    25133
  ],
  "NotAttacking_reward": [
    0.0,
    -0.2,
    -0.4,
    -0.1,
    -0.4,
    0.0
  ],
  "NotAttacking_reward_T": [
    35,
    5042,
    10070,
    15115,
    20116,
    25133
  ],
  "SplitInGroups_correct_grouping": [
    0.96,
    0.5,
    2.19,
    1.79,
    3.66,
    0.75
  ],
  "SplitInGroups_correct_grouping_T": [
    35,
    5042,
    10070,
    15115,
    20116,
    25133
  ],
  "SplitInGroups_count": [
    0.96,
    0.5,
    2.19,
    1.79,
    3.66,
    0.75
  ],
  "SplitInGroups_count_T": [
    35,
    5042,
    10070,
    15115,
    20116,
    25133
  ],
  "SplitInGroups_exactly_one_ally_close": [
    42.09,
    9.92,
    34.35,
    45.69,
    27.92,
    24.5
  ],
  "SplitInGroups_exactly_one_ally_close_T": [
    35,
    5042,
    10070,
    15115,
    20116,
    25133
  ],
  "SplitInGroups_moving_towards_enemies": [
    249.77,
    197.42,
    233.84,
    247.1,
    165.26,
    198.85
  ],
  "SplitInGroups_moving_towards_enemies_T": [
    35,
    5042,
    10070,
    15115,
    20116,
    25133
  ],
  "SplitInGroups_reward": [
    9.6,
    5.0,
    21.9,
    17.9,
    36.6,
    7.5
  ],
  "SplitInGroups_reward_T": [
    35,
    5042,
    10070,
    15115,
    20116,
    25133
  ],
  "StayTogether_count": [
    15.35,
    7.18,
    8.32,
    5.41,
    6.37,
    5.77
  ],
  "StayTogether_count_T": [
    35,
    5042,
    10070,
    15115,
    20116,
    25133
  ],
  "StayTogether_reward": [
    153.5,
    71.8,
    83.2,
    54.1,
    63.7,
    57.7
  ],
  "StayTogether_reward_T": [
    35,
    5042,
    10070,
    15115,
    20116,
    25133
  ],
  "StayTogether_total_group_distance": [
    {
      "dtype": "float64",
      "py/object": "numpy.float64",
      "value": 513973.19135904417
    },
    {
      "dtype": "float64",
      "py/object": "numpy.float64",
      "value": 1298479.3186785178
    },
    {
      "dtype": "float64",
      "py/object": "numpy.float64",
      "value": 2011503.1951372551
    },
    {
      "dtype": "float64",
      "py/object": "numpy.float64",
      "value": 2733142.6910683606
    },
    {
      "dtype": "float64",
      "py/object": "numpy.float64",
      "value": 2762370.4669119786
    },
    {
      "dtype": "float64",
      "py/object": "numpy.float64",
      "value": 4510746.954517529
    }
  ],
  "StayTogether_total_group_distance_T": [
    35,
    5042,
    10070,
    15115,
    20116,
    25133
  ],
  "StayTogether_total_group_distance_delta": [
    {
      "dtype": "float64",
      "py/object": "numpy.float64",
      "value": -3104.3112942773105
    },
    {
      "dtype": "float64",
      "py/object": "numpy.float64",
      "value": -15238.075469803363
    },
    {
      "dtype": "float64",
      "py/object": "numpy.float64",
      "value": -34354.160006990634
    },
    {
      "dtype": "float64",
      "py/object": "numpy.float64",
      "value": -45931.1865081103
    },
    {
      "dtype": "float64",
      "py/object": "numpy.float64",
      "value": -47763.991081531814
    },
    {
      "dtype": "float64",
      "py/object": "numpy.float64",
      "value": -90133.20766633462
    }
  ],
  "StayTogether_total_group_distance_delta_T": [
    35,
    5042,
    10070,
    15115,
    20116,
    25133
  ],
  "TeamUp_count": [
    2.51,
    3.95,
    5.87,
    3.93,
    4.12,
    4.58
  ],
  "TeamUp_count_T": [
    35,
    5042,
    10070,
    15115,
    20116,
    25133
  ],
  "TeamUp_reward": [
    26.1,
    40.2,
    59.9,
    40.2,
    41.9,
    47.1
  ],
  "TeamUp_reward_T": [
    35,
    5042,
    10070,
    15115,
    20116,
    25133
  ],
  "custom_coop_summed_mean": [
    {
      "dtype": "float64",
      "py/object": "numpy.float64",
      "value": 3410342.600431779
    },
    {
      "dtype": "float64",
      "py/object": "numpy.float64",
      "value": 8559135.288058097
    },
    {
      "dtype": "float64",
      "py/object": "numpy.float64",
      "value": 13185164.567535097
    },
    {
      "dtype": "float64",
      "py/object": "numpy.float64",
      "value": 17919674.697068337
    },
    {
      "dtype": "float64",
      "py/object": "numpy.float64",
      "value": 18102461.505536314
    },
    {
      "dtype": "float64",
      "py/object": "numpy.float64",
      "value": 29475832.779007968
    }
  ],
  "custom_coop_summed_mean_T": [
    35,
    5042,
    10070,
    15115,
    20116,
    25133
  ],
  "episode": [
    27,
    50,
    76,
    103,
    126,
    154,
    180,
    207,
    232,
    259,
    281,
    301,
    324,
    350,
    377,
    407,
    428,
    450,
    484,
    517,
    547,
    584,
    622,
    656,
    692,
    728,
    766,
    803,
    842
  ],
  "episode_T": [
    1002,
    2009,
    3022,
    4034,
    5042,
    6107,
    7119,
    8127,
    9137,
    10226,
    11266,
    12308,
    13316,
    14348,
    15361,
    16394,
    17410,
    18429,
    19433,
    20451,
    21462,
    22478,
    23501,
    24516,
    25526,
    26541,
    27542,
    28543,
    29573
  ],
  "epsilon": [
    1.0,
    0.980373,
    0.961183,
    0.941879,
    0.9227650000000001,
    0.903594,
    0.8839670000000001,
    0.864739,
    0.845587,
    0.826397,
    0.8079860000000001,
    0.7882260000000001,
    0.768181,
    0.7477560000000001,
    0.72811,
    0.708616,
    0.689198,
    0.670008,
    0.6504190000000001,
    0.631286,
    0.611963,
    0.592697,
    0.5733550000000001,
    0.5539560000000001,
    0.5346710000000001,
    0.5155000000000001,
    0.49627200000000005,
    0.4771390000000001,
    0.458272,
    0.43870200000000004
  ],
  "epsilon_T": [
    35,
    1063,
    2072,
    3090,
    4105,
    5112,
    6140,
    7152,
    8160,
    9167,
    10226,
    11266,
    12308,
    13316,
    14348,
    15361,
    16394,
    17410,
    18429,
    19433,
    20451,
    21462,
    22478,
    23501,
    24516,
    25526,
    26541,
    27542,
    28543,
    29573
  ],
  "grad_norm": [
    2.855686664581299,
    0.593275785446167,
    0.49329814314842224,
    1.0732563734054565,
    1.3816286325454712,
    1.1011710166931152,
    1.0094141960144043,
    1.6004987955093384,
    15.421269416809082,
    6.120184421539307,
    10.622395515441895,
    4.014151096343994,
    5.75045919418335,
    8.60387897491455,
    4.670517921447754,
    4.389571189880371,
    1.9503346681594849,
    2.1882755756378174,
    1.452322006225586,
    1.9711805582046509,
    3.6291091442108154,
    3.371061086654663,
    2.9411263465881348,
    6.285130023956299,
    2.658797025680542,
    3.5767784118652344,
    3.4570605754852295,
    2.519813060760498,
    9.397356986999512
  ],
  "grad_norm_T": [
    1252,
    2257,
    3261,
    4298,
    5319,
    6321,
    7337,
    8364,
    9373,
    10385,
    11387,
    12387,
    13436,
    14459,
    15470,
    16513,
    17610,
    18623,
    19633,
    20656,
    21665,
    22683,
    23684,
    24702,
    25702,
    26720,
    27724,
    28725,
    29746
  ],