{
  "episode": [
    118
  ],
  "episode_T": [
    5038
  ],
  "epsilon": [
    1.0,
    0.980411,
    0.960689,
    0.94148,
    0.922024
  ],
  "epsilon_T": [
    45,
    1072,
    2107,
    3123,
    4146
  ],
  "grad_norm": [
    1.901232361793518,
    0.4325704574584961,
    1.1409759521484375,
    0.5757492184638977
  ],
  "grad_norm_T": [
    1374,
    2386,
    3419,
    4452
  ],
  "loss": [
    1.0642223358154297,
    0.8095704913139343,
    0.6927497982978821,
    0.7019143104553223
  ],
  "loss_T": [
    1374,
    2386,
    3419,
    4452
  ],
  "q_taken_mean": [
    -0.018303600461201896,
    0.06418024999855539,
    0.05177748712418884,
    0.05277846393765013
  ],
  "q_taken_mean_T": [
    1374,
    2386,
    3419,
    4452
  ],
  "target_mean": [
    0.05658365996470444,
    0.07741204662435859,
    0.027952888050556884,
    0.04728864707144557
  ],
  "target_mean_T": [
    1374,
    2386,
    3419,
    4452
  ],
  "td_error_abs": [
    0.6151054193532797,
    0.542754720654008,
    0.5044947583475239,
    0.49366588744674583
  ],
  "td_error_abs_T": [
    1374,
    2386,
    3419,
    4452
  ],
  "test_battle_won_mean": [
    0.0
  ],
  "test_battle_won_mean_T": [
    45
  ],
  "test_dead_allies_mean": [
    2.0
  ],
  "test_dead_allies_mean_T": [
    45
  ],
  "test_dead_enemies_mean": [
    2.83
  ],
  "test_dead_enemies_mean_T": [
    45
  ],
  "test_ep_length_mean": [
    43.27
  ],
  "test_ep_length_mean_T": [
    45
  ],
  "test_return_mean": [
    {
      "dtype": "float64",
      "py/object": "numpy.float64",
      "value": 4.993543875558035
    }
  ],
  "test_return_mean_T": [
    45
  ],
  "test_return_std": [
    {
      "dtype": "float64",
      "py/object": "numpy.float64",
      "value": 0.8142515249396901
    }
  ],
  "test_return_std_T": [
    45
  ]
}