{
  "advantage_mean": [
    5.399285634358724,
    14.687885572668481,
    19.360206223882997
  ],
  "advantage_mean_T": [
    3072,
    9004,
    14786
  ],
  "agent_grad_norm": [
    0.3400987386703491,
    1.2934746742248535,
    1.2984966039657593
  ],
  "agent_grad_norm_T": [
    3072,
    9004,
    14786
  ],
  "critic_grad_norm": [
    71.36174011230469,
    290.3236999511719,
    618.0535888671875
  ],
  "critic_grad_norm_T": [
    3072,
    9004,
    14786
  ],
  "critic_loss": [
    32.68364334106445,
    225.28395080566406,
    390.07489013671875
  ],
  "critic_loss_T": [
    3072,
    9004,
    14786
  ],
  "ep_length_mean": [
    96.0,
    92.6875,
    90.34375
  ],
  "ep_length_mean_T": [
    3072,
    9004,
    14786
  ],
  "meta_learner_loss_mean": [
    1.5136674642562866,
    1.3834158976872761,
    1.6100242137908936,
    2.182759702205658
  ],
  "meta_learner_loss_mean_T": [
    3072,
    3072,
    9004,
    14786
  ],
  "meta_learner_prediction_mean": [
    1.196777375866077,
    1.8414805782783794,
    3.009484353943539,
    4.386981676198472
  ],
  "meta_learner_prediction_mean_T": [
    3072,
    3072,
    9004,
    14786
  ],
  "metric_AgentsLevelMetric": [
    35.36363636363637,
    34.86363636363637,
    34.40909090909091,
    34.68181818181818
  ],
  "metric_AgentsLevelMetric_T": [
    3072,
    3072,
    9004,
    14786
  ],
  "metric_AgentsRewardMetric": [
    0.0,
    0.0,
    0.0,
    0.0
  ],
  "metric_AgentsRewardMetric_T": [
    3072,
    3072,
    9004,
    14786
  ],
  "metric_AgentsScoreMetric": [
    0.0,
    0.0,
    0.0,
    0.0
  ],
  "metric_AgentsScoreMetric_T": [
    3072,
    3072,
    9004,
    14786
  ],
  "metric_CoupledCollectedFood": [
    0.0,
    0.11363636363636363,
    0.13636363636363635,
    0.14772727272727273
  ],
  "metric_CoupledCollectedFood_T": [
    3072,
    3072,
    9004,
    14786
  ],
  "metric_FirstAgentCoupleRewardMetric": [
    436.3636363636364,
    431.6136363636364,
    430.95454545454544,
    430.2386363636364
  ],
  "metric_FirstAgentCoupleRewardMetric_T": [
    3072,
    3072,
    9004,
    14786
  ],
  "metric_FirstAgentRewardMetric": [
    436.3636363636364,
    267.6818181818182,
    252.98484848484853,
    244.8181818181818
  ],
  "metric_FirstAgentRewardMetric_T": [
    3072,
    3072,
    9004,
    14786
  ],
  "metric_HighestAgentLevelMetric": [
    13.363636363636363,
    12.863636363636363,
    12.666666666666668,
    12.806818181818182
  ],
  "metric_HighestAgentLevelMetric_T": [
    3072,
    3072,
    9004,
    14786
  ],
  "metric_HighestLevelFoodMetric": [
    13.363636363636363,
    14.227272727272727,
    13.666666666666664,
    13.931818181818182
  ],
  "metric_HighestLevelFoodMetric_T": [
    3072,
    3072,
    9004,
    14786
  ],
  "metric_LowestAgentLevelMetric": [
    4.818181818181818,
    4.636363636363637,
    4.5151515151515165,
    4.6022727272727275
  ],
  "metric_LowestAgentLevelMetric_T": [
    3072,
    3072,
    9004,
    14786
  ],
  "metric_StepsSpendWaitingAtFruit": [
    0.0,
    4.5,
    5.151515151515152,
    5.204545454545454
  ],
  "metric_StepsSpendWaitingAtFruit_T": [
    3072,
    3072,
    9004,
    14786
  ],
  "metric_StepsTillAllAgentsCollect": [
    436.3636363636364,
    436.3636363636364,
    436.3636363636364,
    436.3636363636364
  ],
  "metric_StepsTillAllAgentsCollect_T": [
    3072,
    3072,
    9004,
    14786
  ],
  "only_built_in_return_mean": [
    {
      "dtype": "float64",
      "py/object": "numpy.float64",
      "value": 0.2961185515873016
    },
    {
      "dtype": "float64",
      "py/object": "numpy.float64",
      "value": 0.3259796626984127
    },
    {
      "dtype": "float64",
      "py/object": "numpy.float64",
      "value": 0.26039868271026356
    }
  ],
  "only_built_in_return_mean_T": [
    3072,
    9004,
    14786
  ],
  "only_built_in_return_std": [
    {
      "dtype": "float64",
      "py/object": "numpy.float64",
      "value": 0.3375980509471008
    },
    {
      "dtype": "float64",
      "py/object": "numpy.float64",
      "value": 0.35783531421450254
    },
    {
      "dtype": "float64",
      "py/object": "numpy.float64",
      "value": 0.3476570921808099
    }
  ],
  "only_built_in_return_std_T": [
    3072,
    9004,
    14786
  ],
  "only_custom_return_mean": [
    {
      "dtype": "float64",
      "py/object": "numpy.float64",
      "value": 114.89062808314338
    },
    {
      "dtype": "float64",
      "py/object": "numpy.float64",
      "value": 278.62490544468164
    },
    {
      "dtype": "float64",
      "py/object": "numpy.float64",
      "value": 398.6996219586581
    }
  ],
  "only_custom_return_mean_T": [
    3072,
    9004,
    14786
  ],
  "only_custom_return_std": [
    {
      "dtype": "float64",
      "py/object": "numpy.float64",
      "value": 27.707158342964238
    },
    {
      "dtype": "float64",
      "py/object": "numpy.float64",
      "value": 82.2643056773793
    },
    {
      "dtype": "float64",
      "py/object": "numpy.float64",
      "value": 136.40602588628224
    }
  ],
  "only_custom_return_std_T": [
    3072,
    9004,
    14786
  ],
  "pg_loss": [
    -5.4330902099609375,
    -14.744575500488281,
    -19.41655921936035
  ],
  "pg_loss_T": [
    3072,
    9004,
    14786
  ],
  "pi_max": [
    0.22491653760274252,
    0.25266394150995575,
    0.3041201143623433
  ],
  "pi_max_T": [
    3072,
    9004,
    14786
  ],
  "q_taken_mean": [
    0.11245216925938924,
    1.2617258963899762,
    3.167222280818065
  ],
  "q_taken_mean_T": [
    3072,
    9004,
    14786
  ],
  "summed_return_mean": [
    {
      "dtype": "float64",
      "py/object": "numpy.float64",
      "value": 115.18674663473068
    },
    {
      "dtype": "float64",
      "py/object": "numpy.float64",
      "value": 278.9508851073801
    },
    {
      "dtype": "float64",
      "py/object": "numpy.float64",
      "value": 398.9600206413684
    }
  ],
  "summed_return_mean_T": [
    3072,
    9004,
    14786
  ],
  "summed_return_std": [
    {
      "dtype": "float64",
      "py/object": "numpy.float64",
      "value": 27.685597811718512
    },
    {
      "dtype": "float64",
      "py/object": "numpy.float64",
      "value": 82.04291125577734
    },
    {
      "dtype": "float64",
      "py/object": "numpy.float64",
      "value": 136.10873417877858
    }
  ],
  "summed_return_std_T": [
    3072,
    9004,
    14786
  ],
  "target_mean": [
    5.51173718770345,
    15.949612300034037,
    22.52743038813886
  ],
  "target_mean_T": [
    3072,
    9004,
    14786
  ],
  "td_error_abs": [
    5.399285634358724,
    14.687885572668481,
    19.360206223882997
  ],
  "td_error_abs_T": [
    3072,
    9004,
    14786
  ],
  "test_ep_length_mean": [
    93.72916666666667
  ],
  "test_ep_length_mean_T": [
    3072
  ],
  "test_only_built_in_return_mean": [
    {
      "dtype": "float64",
      "py/object": "numpy.float64",
      "value": 0.3565956034706035
    }
  ],
  "test_only_built_in_return_mean_T": [
    3072
  ],
  "test_only_built_in_return_std": [
    {
      "dtype": "float64",
      "py/object": "numpy.float64",
      "value": 0.3402640393692001
    }
  ],
  "test_only_built_in_return_std_T": [
    3072
  ],
  "test_only_custom_return_mean": [
    {
      "dtype": "float64",
      "py/object": "numpy.float64",
      "value": 173.33607251119489
    }
  ],
  "test_only_custom_return_mean_T": [
    3072
  ],
  "test_only_custom_return_std": [
    {
      "dtype": "float64",
      "py/object": "numpy.float64",
      "value": 61.72262680827546
    }
  ],
  "test_only_custom_return_std_T": [
    3072
  ],
  "test_summed_return_mean": [
    {
      "dtype": "float64",
      "py/object": "numpy.float64",
      "value": 173.6926681146655
    }
  ],
  "test_summed_return_mean_T": [
    3072
  ],
  "test_summed_return_std": [
    {
      "dtype": "float64",
      "py/object": "numpy.float64",
      "value": 61.59477530152004
    }
  ],
  "test_summed_return_std_T": [
    3072
  ]
}