{
  "battle_won_mean": [
    0.0
  ],
  "battle_won_mean_T": [
    10012
  ],
  "dead_allies_mean": [
    2.0
  ],
  "dead_allies_mean_T": [
    10012
  ],
  "dead_enemies_mean": [
    0.5301724137931034
  ],
  "dead_enemies_mean_T": [
    10012
  ],
  "ep_length_mean": [
    43.1551724137931
  ],
  "ep_length_mean_T": [
    10012
  ],
  "episode": [
    117
  ],
  "episode_T": [
    5026
  ],
  "epsilon": [
    1.0,
    0.980696,
    0.961031,
    0.941461,
    0.9217960000000001,
    0.902169,
    0.882504,
    0.862744,
    0.84306,
    0.823794
  ],
  "epsilon_T": [
    40,
    1059,
    2095,
    3125,
    4160,
    5190,
    6226,
    7268,
    8302,
    9319
  ],
  "grad_norm": [
    1.7639456987380981,
    0.6281071901321411,
    0.39565810561180115,
    0.5817620754241943,
    0.367998331785202,
    0.5616611838340759,
    1.1217522621154785,
    2.5099525451660156,
    1.7761170864105225
  ],
  "grad_norm_T": [
    1362,
    2386,
    3424,
    4462,
    5498,
    6523,
    7529,
    8554,
    9586
  ],
  "loss": [
    1.1037216186523438,
    0.7391647696495056,
    0.6845802068710327,
    0.6579499244689941,
    0.5781378149986267,
    0.55174720287323,
    0.5545046329498291,
    0.5605289936065674,
    0.5501496195793152
  ],
  "loss_T": [
    1362,
    2386,
    3424,
    4462,
    5498,
    6523,
    7529,
    8554,
    9586
  ],
  "q_taken_mean": [
    -0.02386366498277751,
    0.00322844496253984,
    -0.005491290522114741,
    0.019551489165000168,
    -0.008059158599633964,
    -0.008393436541660226,
    0.02265650836155142,
    0.09299482725952236,
    0.05458762680274853
  ],
  "q_taken_mean_T": [
    1362,
    2386,
    3424,
    4462,
    5498,
    6523,
    7529,
    8554,
    9586
  ],
  "return_mean": [
    {
      "dtype": "float64",
      "py/object": "numpy.float64",
      "value": 3.6561754348830044
    }
  ],
  "return_mean_T": [
    10012
  ],
  "return_std": [
    {
      "dtype": "float64",
      "py/object": "numpy.float64",
      "value": 0.8969713727627878
    }
  ],
  "return_std_T": [
    10012
  ],
  "target_mean": [
    0.06942514876086982,
    -0.0006505138600630165,
    0.010425793015270149,
    0.009926378165872782,
    -0.004695168845087504,
    0.002796629349962413,
    0.010391571414798455,
    0.02400777664349352,
    0.02103203068608823
  ],
  "target_mean_T": [
    1362,
    2386,
    3424,
    4462,
    5498,
    6523,
    7529,
    8554,
    9586
  ],
  "td_error_abs": [
    0.5952381016399366,
    0.5520959356738495,
    0.5023379079348228,
    0.48495114358933744,
    0.4474443833604991,
    0.43889950539568345,
    0.44777991906261305,
    0.46992504759775466,
    0.4343813688858696
  ],
  "td_error_abs_T": [
    1362,
    2386,
    3424,
    4462,
    5498,
    6523,
    7529,
    8554,
    9586
  ],
  "test_battle_won_mean": [
    0.0,
    0.0
  ],
  "test_battle_won_mean_T": [
    40,
    5067
  ],
  "test_dead_allies_mean": [
    2.0,
    1.99
  ],
  "test_dead_allies_mean_T": [
    40,
    5067
  ],
  "test_dead_enemies_mean": [
    2.74,
    3.21
  ],
  "test_dead_enemies_mean_T": [
    40,
    5067
  ],
  "test_ep_length_mean": [
    43.03,
    45.82
  ],
  "test_ep_length_mean_T": [
    40,
    5067
  ],
  "test_return_mean": [
    {
      "dtype": "float64",
      "py/object": "numpy.float64",
      "value": 4.652749023437498
    },
    {
      "dtype": "float64",
      "py/object": "numpy.float64",
      "value": 6.4071616908482145
    }
  ],
  "test_return_mean_T": [
    40,
    5067
  ],
  "test_return_std": [
    {
      "dtype": "float64",
      "py/object": "numpy.float64",
      "value": 0.4304295318223467
    },
    {
      "dtype": "float64",
      "py/object": "numpy.float64",
      "value": 1.0801928361455044
    }
  ],
  "test_return_std_T": [
    40,
    5067
  ]
}