{
  "episode": [
    116
  ],
  "episode_T": [
    5003
  ],
  "epsilon": [
    1.0,
    0.981038,
    0.961468,
    0.94224,
    0.922708,
    0.903309,
    0.884062,
    0.864758
  ],
  "epsilon_T": [
    42,
    1043,
    2073,
    3082,
    4111,
    5127,
    6144,
    7159
  ],
  "grad_norm": [
    3.127695083618164,
    0.6567898988723755,
    0.6440351009368896,
    1.8198177814483643,
    0.9522334933280945,
    1.0975799560546875,
    2.561417818069458
  ],
  "grad_norm_T": [
    1387,
    2428,
    3456,
    4488,
    5506,
    6525,
    7547
  ],
  "loss": [
    1.192926049232483,
    0.7600113749504089,
    0.7373807430267334,
    0.6684979200363159,
    0.6782562732696533,
    0.612354040145874,
    0.5699856877326965
  ],
  "loss_T": [
    1387,
    2428,
    3456,
    4488,
    5506,
    6525,
    7547
  ],
  "q_taken_mean": [
    0.23731452265315203,
    0.2352984376762748,
    0.27756744296818714,
    0.23413409608783145,
    0.27374165110344434,
    0.23957377219010229,
    0.3125409146632404
  ],
  "q_taken_mean_T": [
    1387,
    2428,
    3456,
    4488,
    5506,
    6525,
    7547
  ],
  "target_mean": [
    0.3349973517695003,
    0.25659404437894856,
    0.27605576748806737,
    0.2763637306026222,
    0.2934286521299042,
    0.2662418042292723,
    0.2620906422820663
  ],
  "target_mean_T": [
    1387,
    2428,
    3456,
    4488,
    5506,
    6525,
    7547
  ],
  "td_error_abs": [
    0.6211291741534112,
    0.5440682201178926,
    0.5120282791533456,
    0.4933183237931773,
    0.4802089719006615,
    0.4767927187754571,
    0.4632759234587702
  ],
  "td_error_abs_T": [
    1387,
    2428,
    3456,
    4488,
    5506,
    6525,
    7547
  ],
  "test_battle_won_mean": [
    0.0,
    0.0
  ],
  "test_battle_won_mean_T": [
    42,
    5046
  ],
  "test_dead_allies_mean": [
    2.0,
    2.0
  ],
  "test_dead_allies_mean_T": [
    42,
    5046
  ],
  "test_dead_enemies_mean": [
    2.42,
    2.99
  ],
  "test_dead_enemies_mean_T": [
    42,
    5046
  ],
  "test_ep_length_mean": [
    43.14,
    43.48
  ],
  "test_ep_length_mean_T": [
    42,
    5046
  ],
  "test_return_mean": [
    {
      "dtype": "float64",
      "py/object": "numpy.float64",
      "value": 4.858942871093749
    },
    {
      "dtype": "float64",
      "py/object": "numpy.float64",
      "value": 6.281749441964283
    }
  ],
  "test_return_mean_T": [
    42,
    5046
  ],
  "test_return_std": [
    {
      "dtype": "float64",
      "py/object": "numpy.float64",
      "value": 1.270201243221
    },
    {
      "dtype": "float64",
      "py/object": "numpy.float64",
      "value": 1.143582342459662
    }
  ],
  "test_return_std_T": [
    42,
    5046
  ]
}