{
  "episode": [
    117
  ],
  "episode_T": [
    5025
  ],
  "epsilon": [
    1.0,
    0.980677,
    0.961126,
    0.94148,
    0.921834,
    0.902169,
    0.882599,
    0.863618,
    0.844352,
    0.8248960000000001
  ],
  "epsilon_T": [
    41,
    1057,
    2086,
    3122,
    4158,
    5190,
    6219,
    7222,
    8234,
    9258
  ],
  "grad_norm": [
    1.8536405563354492,
    0.3291102349758148,
    0.5429356098175049,
    1.0641069412231445,
    0.48343658447265625,
    1.6258248090744019,
    1.3958810567855835,
    2.4114770889282227,
    1.5073025226593018
  ],
  "grad_norm_T": [
    1354,
    2394,
    3430,
    4462,
    5496,
    6523,
    7534,
    8563,
    9603
  ],
  "loss": [
    1.1520566940307617,
    0.7356202006340027,
    0.6821326613426208,
    0.642020583152771,
    0.5953304171562195,
    0.6015328168869019,
    0.5849145650863647,
    0.5978135466575623,
    0.4967721700668335
  ],
  "loss_T": [
    1354,
    2394,
    3430,
    4462,
    5496,
    6523,
    7534,
    8563,
    9603
  ],
  "q_taken_mean": [
    -0.011161164659869195,
    0.008712606153626373,
    0.0519666531093001,
    -0.012494374369526957,
    0.02814389889164827,
    0.07498150350372423,
    0.06207505402741609,
    -0.04524486563926519,
    0.018089671711345297
  ],
  "q_taken_mean_T": [
    1354,
    2394,
    3430,
    4462,
    5496,
    6523,
    7534,
    8563,
    9603
  ],
  "target_mean": [
    0.0654200634188631,
    0.016297492428102356,
    0.030231214202610792,
    0.027978990715501945,
    0.028520428318587886,
    0.025909844948826723,
    0.020001746283637153,
    0.025982393774875375,
    0.02922320523104825
  ],
  "target_mean_T": [
    1354,
    2394,
    3430,
    4462,
    5496,
    6523,
    7534,
    8563,
    9603
  ],
  "td_error_abs": [
    0.659097375686623,
    0.5095981763756794,
    0.5053249122822179,
    0.48910462096497254,
    0.4590766687793184,
    0.47422728179603496,
    0.4680589011863426,
    0.4455754479696584,
    0.4144371619591346
  ],
  "td_error_abs_T": [
    1354,
    2394,
    3430,
    4462,
    5496,
    6523,
    7534,
    8563,
    9603
  ],
  "test_battle_won_mean": [
    0.0,
    0.01
  ],
  "test_battle_won_mean_T": [
    41,
    5066
  ],
  "test_dead_allies_mean": [
    1.92,
    1.74
  ],
  "test_dead_allies_mean_T": [
    41,
    5066
  ],
  "test_dead_enemies_mean": [
    0.87,
    1.81
  ],
  "test_dead_enemies_mean_T": [
    41,
    5066
  ],
  "test_ep_length_mean": [
    73.12,
    137.29
  ],
  "test_ep_length_mean_T": [
    41,
    5066
  ],
  "test_return_mean": [
    {
      "dtype": "float64",
      "py/object": "numpy.float64",
      "value": 1.7418010602678573
    },
    {
      "dtype": "float64",
      "py/object": "numpy.float64",
      "value": 4.081162109375
    }
  ],
  "test_return_mean_T": [
    41,
    5066
  ],
  "test_return_std": [
    {
      "dtype": "float64",
      "py/object": "numpy.float64",
      "value": 2.076633339081769
    },
    {
      "dtype": "float64",
      "py/object": "numpy.float64",
      "value": 2.4328533001330594
    }
  ],
  "test_return_std_T": [
    41,
    5066
  ]
}