{
  "battle_won_mean": [
    0.0,
    0.0
  ],
  "battle_won_mean_T": [
    10012,
    20019
  ],
  "dead_allies_mean": [
    2.0,
    2.0
  ],
  "dead_allies_mean_T": [
    10012,
    20019
  ],
  "dead_enemies_mean": [
    0.5454545454545454,
    1.0257510729613735
  ],
  "dead_enemies_mean_T": [
    10012,
    20019
  ],
  "ep_length_mean": [
    43.34199134199134,
    42.94849785407725
  ],
  "ep_length_mean_T": [
    10012,
    20019
  ],
  "episode": [
    116,
    232,
    351,
    466,
    585
  ],
  "episode_T": [
    5039,
    10057,
    15093,
    20106,
    25131
  ],
  "epsilon": [
    1.0,
    0.980259,
    0.961088,
    0.941518,
    0.922423,
    0.903442,
    0.8841760000000001,
    0.864606,
    0.845435,
    0.8258270000000001,
    0.806447,
    0.787371,
    0.767858,
    0.7482310000000001,
    0.728642,
    0.709072,
    0.68935,
    0.670084,
    0.650989,
    0.6315330000000001,
    0.6123810000000001,
    0.593305,
    0.5737540000000001,
    0.554336,
    0.5350320000000001
  ],
  "epsilon_T": [
    42,
    1079,
    2091,
    3122,
    4126,
    5126,
    6146,
    7169,
    8180,
    9211,
    10228,
    11232,
    12257,
    13294,
    14324,
    15354,
    16388,
    17404,
    18410,
    19442,
    20445,
    21450,
    22478,
    23501,
    24510
  ],
  "grad_norm": [
    3.591813325881958,
    0.6691738367080688,
    1.191630244255066,
    0.6020329594612122,
    1.3292611837387085,
    0.5469948053359985,
    1.0003753900527954,
    1.1500651836395264,
    1.4517334699630737,
    6.601556301116943,
    0.7754901051521301,
    2.1896965503692627,
    1.2356507778167725,
    1.6601128578186035,
    1.224597692489624,
    0.8627583384513855,
    1.4768900871276855,
    14.148229598999023,
    1.3753849267959595,
    0.9639718532562256,
    0.638766348361969,
    0.9044401049613953,
    0.9221777319908142,
    1.1532328128814697
  ],
  "grad_norm_T": [
    1416,
    2438,
    3465,
    4467,
    5470,
    6488,
    7508,
    8515,
    9542,
    10557,
    11577,
    12579,
    13588,
    14624,
    15649,
    16654,
    17654,
    18660,
    19702,
    20738,
    21747,
    22770,
    23787,
    24804
  ],
  "loss": [
    1.488703727722168,
    1.0112911462783813,
    0.8371524810791016,
    0.8491976857185364,
    0.8167747259140015,
    0.6549933552742004,
    0.7511249780654907,
    0.6791940331459045,
    0.5970693230628967,
    0.7147842049598694,
    0.5108525156974792,
    0.4898987412452698,
    0.4640626013278961,
    0.4550437927246094,
    0.4227806627750397,
    0.44357654452323914,
    0.39525091648101807,
    1.2607886791229248,
    0.4100714921951294,
    0.37636351585388184,
    0.339495986700058,
    0.3533785939216614,
    0.35637712478637695,
    0.3214828670024872
  ],
  "loss_T": [
    1416,
    2438,
    3465,
    4467,
    5470,
    6488,
    7508,
    8515,
    9542,
    10557,
    11577,
    12579,
    13588,
    14624,
    15649,
    16654,
    17654,
    18660,
    19702,
    20738,
    21747,
    22770,
    23787,
    24804
  ],
  "q_taken_mean": [
    -0.2369338213387182,
    -0.1613333237231077,
    -0.21454176689467216,
    -0.200559360948233,
    -0.21943935501241238,
    -0.20165851366080914,
    -0.1780828042150835,
    -0.18921362163361524,
    -0.19508227412564766,
    0.3302860121595496,
    0.28803732892592177,
    0.3011735682047703,
    0.26483841109084805,
    0.21376383639308855,
    0.20574678452011402,
    0.25853671324227223,
    0.2830064561631944,
    0.20475976289208256,
    0.4769408823017485,
    0.5322495341561816,
    0.42069497222568436,
    0.41630215700857376,
    0.4592514826789714,
    0.4498377193356532
  ],
  "q_taken_mean_T": [
    1416,
    2438,
    3465,
    4467,
    5470,
    6488,
    7508,
    8515,
    9542,
    10557,
    11577,
    12579,
    13588,
    14624,
    15649,
    16654,
    17654,
    18660,
    19702,
    20738,
    21747,
    22770,
    23787,
    24804
  ],
  "return_mean": [
    {
      "dtype": "float64",
      "py/object": "numpy.float64",
      "value": 3.656564272548508
    },
    {
      "dtype": "float64",
      "py/object": "numpy.float64",
      "value": 4.26365870248314
    }
  ],
  "return_mean_T": [
    10012,
    20019
  ],
  "return_std": [
    {
      "dtype": "float64",
      "py/object": "numpy.float64",
      "value": 0.8641959377275628
    },
    {
      "dtype": "float64",
      "py/object": "numpy.float64",
      "value": 0.9533826527327496
    }
  ],
  "return_std_T": [
    10012,
    20019
  ],
  "target_mean": [
    -0.0991394991255076,
    -0.14292475035613333,
    -0.17357358065518466,
    -0.1988985471249661,
    -0.17786770017776105,
    -0.2048436237799885,
    -0.18606869253440886,
    -0.1712594812064716,
    -0.20339940972543485,
    0.215786561564541,
    0.2863257977602293,
    0.25843058622827025,
    0.28942462118194645,
    0.24780840286683314,
    0.2345037868843473,
    0.2693995808831006,
    0.24737977145010964,
    0.46595668508045707,
    0.48784040586194305,
    0.5228959743686178,
    0.4134617086940265,
    0.4193254851767666,
    0.4684750683795658,
    0.4664507425855167
  ],
  "target_mean_T": [
    1416,
    2438,
    3465,
    4467,
    5470,
    6488,
    7508,
    8515,
    9542,
    10557,
    11577,
    12579,
    13588,
    14624,
    15649,
    16654,
    17654,
    18660,
    19702,
    20738,
    21747,
    22770,
    23787,
    24804
  ],
  "td_error_abs": [
    0.6303490245409604,
    0.6227233842903132,
    0.5264407731753923,
    0.5643483104692019,
    0.5483770528172178,
    0.4871862481741324,
    0.5231838405347473,
    0.4947198406832263,
    0.4643163448082439,
    0.6360236224657565,
    0.45343961647088576,
    0.4427788539822758,
    0.4232485799657456,
    0.4236331552460178,
    0.4143461286581425,
    0.41232725682675797,
    0.4005876061512016,
    0.84669872682486,
    0.4055110688972334,
    0.38102885774240974,
    0.36064540760684827,
    0.36305954939098134,
    0.36302192419829,
    0.34811830034769603
  ],
  "td_error_abs_T": [
    1416,
    2438,
    3465,
    4467,
    5470,
    6488,
    7508,
    8515,
    9542,
    10557,
    11577,
    12579,
    13588,
    14624,
    15649,
    16654,
    17654,
    18660,
    19702,
    20738,
    21747,
    22770,
    23787,
    24804
  ],
  "test_battle_won_mean": [
    0.0,
    0.0,
    0.0,
    0.0,
    0.0,
    0.0
  ],
  "test_battle_won_mean_T": [
    42,
    5082,
    10099,
    15132,
    20148,
    25172
  ],
  "test_dead_allies_mean": [
    1.83,
    2.0,
    2.0,
    2.0,
    1.99,
    2.0
  ],
  "test_dead_allies_mean_T": [
    42,
    5082,
    10099,
    15132,
    20148,
    25172
  ],
  "test_dead_enemies_mean": [
    0.63,
    2.69,
    3.24,
    3.0,
    2.71,
    3.53
  ],
  "test_dead_enemies_mean_T": [
    42,
    5082,
    10099,
    15132,
    20148,
    25172
  ],
  "test_ep_length_mean": [
    113.42,
    41.7,
    42.49,
    41.55,
    45.28,
    42.79
  ],
  "test_ep_length_mean_T": [
    42,
    5082,
    10099,
    15132,
    20148,
    25172
  ],
  "test_return_mean": [
    {
      "dtype": "float64",
      "py/object": "numpy.float64",
      "value": 1.5358623395647322
    },
    {
      "dtype": "float64",
      "py/object": "numpy.float64",
      "value": 5.663794991629463
    },
    {
      "dtype": "float64",
      "py/object": "numpy.float64",
      "value": 6.433386928013391
    },
    {
      "dtype": "float64",
      "py/object": "numpy.float64",
      "value": 6.404488176618303
    },
    {
      "dtype": "float64",
      "py/object": "numpy.float64",
      "value": 5.826530936104909
    },
    {
      "dtype": "float64",
      "py/object": "numpy.float64",
      "value": 6.9881715611049104
    }
  ],
  "test_return_mean_T": [
    42,
    5082,
    10099,
    15132,
    20148,
    25172
  ],
  "test_return_std": [
    {
      "dtype": "float64",
      "py/object": "numpy.float64",
      "value": 1.0105859435858475
    },
    {
      "dtype": "float64",