{
  "advantage_mean": [
    -0.07895615067053775
  ],
  "advantage_mean_T": [
    2962
  ],
  "agent_grad_norm": [
    0.008832070045173168
  ],
  "agent_grad_norm_T": [
    2962
  ],
  "critic_grad_norm": [
    1.4126908779144287
  ],
  "critic_grad_norm_T": [
    2962
  ],
  "critic_loss": [
    0.014740537852048874
  ],
  "critic_loss_T": [
    2962
  ],
  "ep_length_mean": [
    92.5625
  ],
  "ep_length_mean_T": [
    2962
  ],
  "metric_AgentsLevelMetric": [
    44.44444444444444,
    42.5
  ],
  "metric_AgentsLevelMetric_T": [
    2962,
    2962
  ],
  "metric_AgentsRewardMetric": [
    0.0,
    0.0
  ],
  "metric_AgentsRewardMetric_T": [
    2962,
    2962
  ],
  "metric_AgentsScoreMetric": [
    0.0,
    0.0
  ],
  "metric_AgentsScoreMetric_T": [
    2962,
    2962
  ],
  "metric_CoupledCollectedFood": [
    0.0,
    0.3888888888888889
  ],
  "metric_CoupledCollectedFood_T": [
    2962,
    2962
  ],
  "metric_FirstAgentCoupleRewardMetric": [
    -3.5555555555555554,
    7.055555555555555
  ],
  "metric_FirstAgentCoupleRewardMetric_T": [
    2962,
    2962
  ],
  "metric_FirstAgentRewardMetric": [
    -3.5555555555555554,
    44.5
  ],
  "metric_FirstAgentRewardMetric_T": [
    2962,
    2962
  ],
  "metric_HighestLevelFoodMetric": [
    19.11111111111111,
    17.22222222222222
  ],
  "metric_HighestLevelFoodMetric_T": [
    2962,
    2962
  ],
  "metric_StepsSpendWaitingAtFruit": [
    0.0,
    13.333333333333334
  ],
  "metric_StepsSpendWaitingAtFruit_T": [
    2962,
    2962
  ],
  "metric_StepsTillAllAgentsCollect": [
    -3.5555555555555554,
    -3.5555555555555554
  ],
  "metric_StepsTillAllAgentsCollect_T": [
    2962,
    2962
  ],
  "only_built_in_return_mean": [
    {
      "dtype": "float64",
      "py/object": "numpy.float64",
      "value": 0.29523809523809524
    }
  ],
  "only_built_in_return_mean_T": [
    2962
  ],
  "only_built_in_return_std": [
    {
      "dtype": "float64",
      "py/object": "numpy.float64",
      "value": 0.34696072919921356
    }
  ],
  "only_built_in_return_std_T": [
    2962
  ],
  "only_custom_return_mean": [
    {
      "dtype": "float64",
      "py/object": "numpy.float64",
      "value": 0.040625
    }
  ],
  "only_custom_return_mean_T": [
    2962
  ],
  "only_custom_return_std": [
    {
      "dtype": "float64",
      "py/object": "numpy.float64",
      "value": 0.05373182832362956
    }
  ],
  "only_custom_return_std_T": [
    2962
  ],
  "pg_loss": [
    0.06115221232175827
  ],
  "pg_loss_T": [
    2962
  ],
  "pi_max": [
    0.23133111370326215
  ],
  "pi_max_T": [
    2962
  ],
  "q_taken_mean": [
    0.417741629982381
  ],
  "q_taken_mean_T": [
    2962
  ],
  "summed_return_mean": [
    {
      "dtype": "float64",
      "py/object": "numpy.float64",
      "value": 0.3358630952380952
    }
  ],
  "summed_return_mean_T": [
    2962
  ],
  "summed_return_std": [
    {
      "dtype": "float64",
      "py/object": "numpy.float64",
      "value": 0.34984266281784693
    }
  ],
  "summed_return_std_T": [
    2962
  ],
  "target_mean": [
    0.3387854432512344
  ],
  "target_mean_T": [
    2962
  ],
  "td_error_abs": [
    0.10061549689623249
  ],
  "td_error_abs_T": [
    2962
  ],
  "test_ep_length_mean": [
    88.78125
  ],
  "test_ep_length_mean_T": [
    2962
  ],
  "test_only_built_in_return_mean": [
    {
      "dtype": "float64",
      "py/object": "numpy.float64",
      "value": 0.3768419080919081
    }
  ],
  "test_only_built_in_return_mean_T": [
    2962
  ],
  "test_only_built_in_return_std": [
    {
      "dtype": "float64",
      "py/object": "numpy.float64",
      "value": 0.34461026489955365
    }
  ],
  "test_only_built_in_return_std_T": [
    2962
  ],
  "test_only_custom_return_mean": [
    {
      "dtype": "float64",
      "py/object": "numpy.float64",
      "value": 0.03333333333333333
    }
  ],
  "test_only_custom_return_mean_T": [
    2962
  ],
  "test_only_custom_return_std": [
    {
      "dtype": "float64",
      "py/object": "numpy.float64",
      "value": 0.046696419087073004
    }
  ],
  "test_only_custom_return_std_T": [
    2962
  ],
  "test_summed_return_mean": [
    {
      "dtype": "float64",
      "py/object": "numpy.float64",
      "value": 0.4101752414252415
    }
  ],
  "test_summed_return_mean_T": [
    2962
  ],
  "test_summed_return_std": [
    {
      "dtype": "float64",
      "py/object": "numpy.float64",
      "value": 0.3429833998250038
    }
  ],
  "test_summed_return_std_T": [
    2962
  ]
}