{
  "battle_won_mean": [
    0.0
  ],
  "battle_won_mean_T": [
    10000
  ],
  "dead_allies_mean": [
    2.0
  ],
  "dead_allies_mean_T": [
    10000
  ],
  "dead_enemies_mean": [
    0.4658119658119658
  ],
  "dead_enemies_mean_T": [
    10000
  ],
  "ep_length_mean": [
    42.73504273504273
  ],
  "ep_length_mean_T": [
    10000
  ],
  "episode": [
    118,
    235,
    354
  ],
  "episode_T": [
    5026,
    10043,
    15068
  ],
  "epsilon": [
    1.0,
    0.980525,
    0.961031,
    0.941575,
    0.922233,
    0.9029860000000001,
    0.883359,
    0.8644350000000001,
    0.845302,
    0.825675,
    0.806713,
    0.786991,
    0.7675350000000001,
    0.748136,
    0.728813,
    0.709813
  ],
  "epsilon_T": [
    43,
    1067,
    2088,
    3118,
    4134,
    5146,
    6180,
    7180,
    8185,
    9213,
    10217,
    11254,
    12276,
    13298,
    14313,
    15316
  ],
  "grad_norm": [
    1.6169698238372803,
    0.3950658142566681,
    0.6546106338500977,
    0.5065411925315857,
    0.413009911775589,
    0.9230613112449646,
    1.283841848373413,
    0.8687188029289246,
    2.4829697608947754,
    1.6532349586486816,
    3.03663969039917,
    0.8472777009010315,
    0.6320230960845947,
    1.5259394645690918,
    0.7070454359054565
  ],
  "grad_norm_T": [
    1353,
    2390,
    3419,
    4426,
    5440,
    6469,
    7483,
    8485,
    9519,
    10549,
    11585,
    12618,
    13636,
    14648,
    15686
  ],
  "loss": [
    1.203230857849121,
    0.7485080361366272,
    0.6557209491729736,
    0.6986875534057617,
    0.6505494117736816,
    0.6436607241630554,
    0.6412649750709534,
    0.5677412152290344,
    0.6009006500244141,
    0.504966139793396,
    0.39035120606422424,
    0.35838085412979126,
    0.3057233691215515,
    0.32755571603775024,
    0.335420161485672
  ],
  "loss_T": [
    1353,
    2390,
    3419,
    4426,
    5440,
    6469,
    7483,
    8485,
    9519,
    10549,
    11585,
    12618,
    13636,
    14648,
    15686
  ],
  "q_taken_mean": [
    -0.2327660943346383,
    -0.19683108218880588,
    -0.1585809081140226,
    -0.20876875719031743,
    -0.19050526116841413,
    -0.21272433120592504,
    -0.21158470929584627,
    -0.1956851297638953,
    -0.14246353801114922,
    0.17520219794478634,
    0.2312025182387408,
    0.18572752477482626,
    0.15179564850098726,
    0.21525839342310407,
    0.18951808639437134
  ],
  "q_taken_mean_T": [
    1353,
    2390,
    3419,
    4426,
    5440,
    6469,
    7483,
    8485,
    9519,
    10549,
    11585,
    12618,
    13636,
    14648,
    15686
  ],
  "return_mean": [
    {
      "dtype": "float64",
      "py/object": "numpy.float64",
      "value": 3.6302234617053943
    }
  ],
  "return_mean_T": [
    10000
  ],
  "return_std": [
    {
      "dtype": "float64",
      "py/object": "numpy.float64",
      "value": 0.8611428359463169
    }
  ],
  "return_std_T": [
    10000
  ],
  "target_mean": [
    -0.17542247109649275,
    -0.20409568520479424,
    -0.19042692532504563,
    -0.20486381410388102,
    -0.19691080551867737,
    -0.19261934623605734,
    -0.18398888231457458,
    -0.1907447054817228,
    -0.1929771636828056,
    0.19222919693104867,
    0.1503736047183766,
    0.19836428013699023,
    0.15614781404081446,
    0.17992497254529316,
    0.17887967650653325
  ],
  "target_mean_T": [
    1353,
    2390,
    3419,
    4426,
    5440,
    6469,
    7483,
    8485,
    9519,
    10549,
    11585,
    12618,
    13636,
    14648,
    15686
  ],
  "td_error_abs": [
    0.6886291278351349,
    0.5604406844737918,
    0.5030796468692974,
    0.4818370197161439,
    0.46714043599934185,
    0.45658815997188423,
    0.45265582851362474,
    0.43853093108567803,
    0.4548587040627301,
    0.5342078816314741,
    0.40932258157169116,
    0.36872235335131676,
    0.3391407979849571,
    0.3639783088256214,
    0.3612846686826115
  ],
  "td_error_abs_T": [
    1353,
    2390,
    3419,
    4426,
    5440,
    6469,
    7483,
    8485,
    9519,
    10549,
    11585,
    12618,
    13636,
    14648,
    15686
  ],
  "test_battle_won_mean": [
    0.0,
    0.0,
    0.0,
    0.0
  ],
  "test_battle_won_mean_T": [
    43,
    5068,
    10086,
    15106
  ],
  "test_dead_allies_mean": [
    0.0,
    2.0,
    1.95,
    1.95
  ],
  "test_dead_allies_mean_T": [
    43,
    5068,
    10086,
    15106
  ],
  "test_dead_enemies_mean": [
    0.0,
    2.47,
    2.86,
    3.41
  ],
  "test_dead_enemies_mean_T": [
    43,
    5068,
    10086,
    15106
  ],
  "test_ep_length_mean": [
    400.0,
    42.3,
    59.23,
    52.45
  ],
  "test_ep_length_mean_T": [
    43,
    5068,
    10086,
    15106
  ],
  "test_return_mean": [
    {
      "dtype": "float64",
      "py/object": "numpy.float64",
      "value": 0.0
    },
    {
      "dtype": "float64",
      "py/object": "numpy.float64",
      "value": 6.000021449497767
    },
    {
      "dtype": "float64",
      "py/object": "numpy.float64",
      "value": 6.057475237165177
    },
    {
      "dtype": "float64",
      "py/object": "numpy.float64",
      "value": 6.865321568080357
    }
  ],
  "test_return_mean_T": [
    43,
    5068,
    10086,
    15106
  ],
  "test_return_std": [
    {
      "dtype": "float64",
      "py/object": "numpy.float64",
      "value": 0.0
    },
    {
      "dtype": "float64",
      "py/object": "numpy.float64",
      "value": 0.9459409274120035
    },
    {
      "dtype": "float64",
      "py/object": "numpy.float64",
      "value": 1.366686088745472
    },
    {
      "dtype": "float64",
      "py/object": "numpy.float64",
      "value": 1.6571709247745936
    }
  ],
  "test_return_std_T": [
    43,
    5068,
    10086,
    15106
  ]
}