{
  "battle_won_mean": [
    0.0
  ],
  "battle_won_mean_T": [
    10013
  ],
  "dead_allies_mean": [
    2.0
  ],
  "dead_allies_mean_T": [
    10013
  ],
  "dead_enemies_mean": [
    0.5541125541125541
  ],
  "dead_enemies_mean_T": [
    10013
  ],
  "ep_length_mean": [
    43.34632034632035
  ],
  "ep_length_mean_T": [
    10013
  ],
  "episode": [
    116,
    231
  ],
  "episode_T": [
    5002,
    10013
  ],
  "epsilon": [
    1.0,
    0.980259,
    0.960632,
    0.940891,
    0.921929,
    0.902302,
    0.882922,
    0.863181,
    0.843972,
    0.824307
  ],
  "epsilon_T": [
    45,
    1081,
    2114,
    3154,
    4154,
    5179,
    6203,
    7241,
    8252,
    9290
  ],
  "grad_norm": [
    2.1880645751953125,
    0.4929508864879608,
    0.7905569672584534,
    1.8523948192596436,
    1.265608787536621,
    2.0179526805877686,
    1.9662386178970337,
    0.8688111901283264,
    1.685587763786316
  ],
  "grad_norm_T": [
    1387,
    2412,
    3421,
    4450,
    5475,
    6495,
    7514,
    8549,
    9551
  ],
  "loss": [
    1.2148040533065796,
    0.8038040399551392,
    0.796331524848938,
    0.7702332139015198,
    0.7461530566215515,
    0.7022383809089661,
    0.699936032295227,
    0.5213714241981506,
    0.5005803108215332
  ],
  "loss_T": [
    1387,
    2412,
    3421,
    4450,
    5475,
    6495,
    7514,
    8549,
    9551
  ],
  "q_taken_mean": [
    0.22490493565389555,
    0.24465906923026734,
    0.25294992245981013,
    0.3135888204409208,
    0.21142856159334328,
    0.32212735536394127,
    0.2661017208902168,
    0.2506039516763063,
    0.23543181159534932
  ],
  "q_taken_mean_T": [
    1387,
    2412,
    3421,
    4450,
    5475,
    6495,
    7514,
    8549,
    9551
  ],
  "return_mean": [
    {
      "dtype": "float64",
      "py/object": "numpy.float64",
      "value": 3.6838624254744503
    }
  ],
  "return_mean_T": [
    10013
  ],
  "return_std": [
    {
      "dtype": "float64",
      "py/object": "numpy.float64",
      "value": 0.9498785797334227
    }
  ],
  "return_std_T": [
    10013
  ],
  "target_mean": [
    0.28749008563756084,
    0.23665036580314996,
    0.2357275936682675,
    0.25307894579937,
    0.24875994480268213,
    0.2703983564148613,
    0.2805891770582933,
    0.2582235316169841,
    0.250014022804676
  ],
  "target_mean_T": [
    1387,
    2412,
    3421,
    4450,
    5475,
    6495,
    7514,
    8549,
    9551
  ],
  "td_error_abs": [
    0.6595326088793259,
    0.5622268266754039,
    0.5397321252423791,
    0.5603196248842802,
    0.5243262389562997,
    0.5330824710218002,
    0.49395813962717705,
    0.4294409540486453,
    0.42613199989644696
  ],
  "td_error_abs_T": [
    1387,
    2412,
    3421,
    4450,
    5475,
    6495,
    7514,
    8549,
    9551
  ],
  "test_battle_won_mean": [
    0.0,
    0.0
  ],
  "test_battle_won_mean_T": [
    45,
    5053
  ],
  "test_dead_allies_mean": [
    1.99,
    1.96
  ],
  "test_dead_allies_mean_T": [
    45,
    5053
  ],
  "test_dead_enemies_mean": [
    1.35,
    2.49
  ],
  "test_dead_enemies_mean_T": [
    45,
    5053
  ],
  "test_ep_length_mean": [
    49.78,
    50.29
  ],
  "test_ep_length_mean_T": [
    45,
    5053
  ],
  "test_return_mean": [
    {
      "dtype": "float64",
      "py/object": "numpy.float64",
      "value": 2.7130702427455367
    },
    {
      "dtype": "float64",
      "py/object": "numpy.float64",
      "value": 5.795569893973213
    }
  ],
  "test_return_mean_T": [
    45,
    5053
  ],
  "test_return_std": [
    {
      "dtype": "float64",
      "py/object": "numpy.float64",
      "value": 1.1431321540194863
    },
    {
      "dtype": "float64",
      "py/object": "numpy.float64",
      "value": 1.5452088989413313
    }
  ],
  "test_return_std_T": [
    45,
    5053
  ]
}