{
  "battle_won_mean": [
    0.0,
    0.0
  ],
  "battle_won_mean_T": [
    10029,
    20042
  ],
  "dead_allies_mean": [
    2.0,
    2.0
  ],
  "dead_allies_mean_T": [
    10029,
    20042
  ],
  "dead_enemies_mean": [
    0.5127118644067796,
    1.0420168067226891
  ],
  "dead_enemies_mean_T": [
    10029,
    20042
  ],
  "ep_length_mean": [
    42.49576271186441,
    42.07142857142857
  ],
  "ep_length_mean_T": [
    10029,
    20042
  ],
  "episode": [
    118,
    237,
    355,
    475
  ],
  "episode_T": [
    5033,
    10072,
    15077,
    20081
  ],
  "epsilon": [
    1.0,
    0.980563,
    0.960765,
    0.941537,
    0.92229,
    0.902701,
    0.883682,
    0.864169,
    0.844542,
    0.824858,
    0.805497,
    0.7858320000000001,
    0.766205,
    0.746635,
    0.727198,
    0.708027,
    0.6884380000000001,
    0.6687540000000001,
    0.649127,
    0.63007,
    0.6104430000000001,
    0.5911010000000001,
    0.571493,
    0.552227,
    0.5327330000000001
  ],
  "epsilon_T": [
    41,
    1068,
    2111,
    3116,
    4131,
    5163,
    6163,
    7190,
    8230,
    9274,
    10277,
    11314,
    12348,
    13378,
    14399,
    15406,
    16440,
    17474,
    18509,
    19509,
    20544,
    21562,
    22596,
    23609,
    24638
  ],
  "grad_norm": [
    1.6972742080688477,
    0.43878433108329773,
    1.1825286149978638,
    0.7509015202522278,
    1.0590648651123047,
    1.2234669923782349,
    1.6891913414001465,
    2.31170392036438,
    1.5895986557006836,
    2.561014413833618,
    0.8003473281860352,
    1.0460805892944336,
    0.8936318755149841,
    1.3044487237930298,
    1.448238492012024,
    1.3638646602630615,
    0.8241080045700073,
    3.4976394176483154,
    0.9812589287757874,
    1.2377207279205322,
    1.1308753490447998,
    1.3819167613983154,
    1.0973891019821167,
    1.2307398319244385
  ],
  "grad_norm_T": [
    1368,
    2397,
    3417,
    4424,
    5450,
    6454,
    7477,
    8493,
    9535,
    10573,
    11573,
    12601,
    13630,
    14654,
    15668,
    16683,
    17729,
    18757,
    19788,
    20822,
    21822,
    22849,
    23877,
    24906
  ],
  "loss": [
    1.0654010772705078,
    0.7222814559936523,
    0.6739722490310669,
    0.6208170056343079,
    0.6671528220176697,
    0.5491233468055725,
    0.5413952469825745,
    0.4950099587440491,
    0.4775860905647278,
    0.5114888548851013,
    0.45728546380996704,
    0.3750985860824585,
    0.38940778374671936,
    0.3652555048465729,
    0.31681105494499207,
    0.3835984170436859,
    0.3360564708709717,
    0.39069515466690063,
    0.30595827102661133,
    0.3024176359176636,
    0.2938957214355469,
    0.2799398601055145,
    0.3163488209247589,
    0.3141332268714905
  ],
  "loss_T": [
    1368,
    2397,
    3417,
    4424,
    5450,
    6454,
    7477,
    8493,
    9535,
    10573,
    11573,
    12601,
    13630,
    14654,
    15668,
    16683,
    17729,
    18757,
    19788,
    20822,
    21822,
    22849,
    23877,
    24906
  ],
  "q_taken_mean": [
    0.018364884002864013,
    0.012891036026034124,
    0.07027601377209927,
    0.029962634344170562,
    0.03306770042136863,
    0.050142849521441483,
    -0.003883071019314914,
    0.102089039276434,
    0.007077912951624671,
    0.34719716628625596,
    0.40953614017722473,
    0.368118568493824,
    0.3787095214126744,
    0.39160643280163343,
    0.32067725771949407,
    0.4229878891993613,
    0.3679271249210133,
    0.5823296890090369,
    0.6103384211680749,
    0.5513625414085113,
    0.5101106380988024,
    0.5532028465940241,
    0.5540048480935609,
    0.5566188658299468
  ],
  "q_taken_mean_T": [
    1368,
    2397,
    3417,
    4424,
    5450,
    6454,
    7477,
    8493,
    9535,
    10573,
    11573,
    12601,
    13630,
    14654,
    15668,
    16683,
    17729,
    18757,
    19788,
    20822,
    21822,
    22849,
    23877,
    24906
  ],
  "return_mean": [
    {
      "dtype": "float64",
      "py/object": "numpy.float64",
      "value": 3.645953236134231
    },
    {
      "dtype": "float64",
      "py/object": "numpy.float64",
      "value": 4.368880511188851
    }
  ],
  "return_mean_T": [
    10029,
    20042
  ],
  "return_std": [
    {
      "dtype": "float64",
      "py/object": "numpy.float64",
      "value": 0.8664017187025788
    },
    {
      "dtype": "float64",
      "py/object": "numpy.float64",
      "value": 0.9810806264341002
    }
  ],
  "return_std_T": [
    10029,
    20042
  ],
  "target_mean": [
    0.08157596811216478,
    0.03127250699009436,
    0.03515938479505028,
    0.04308453023868756,
    0.06119844789858218,
    0.028233831134757047,
    0.04642174052981924,
    0.0618657274537732,
    0.04209320766981258,
    0.4047821581888059,
    0.42109024254984445,
    0.38638204014098354,
    0.3826320833046531,
    0.3802554575974561,
    0.3517334120614188,
    0.38794479927007297,
    0.3627237207749311,
    0.5189974730816547,
    0.5939850595717096,
    0.5727553636741363,
    0.4929411197136976,
    0.5313104551438003,
    0.5529932896416414,
    0.538891072408679
  ],
  "target_mean_T": [
    1368,
    2397,
    3417,
    4424,
    5450,
    6454,
    7477,
    8493,
    9535,
    10573,
    11573,
    12601,
    13630,
    14654,
    15668,
    16683,
    17729,
    18757,
    19788,
    20822,
    21822,
    22849,
    23877,
    24906
  ],
  "td_error_abs": [
    0.6154754817137245,
    0.5081135655209088,
    0.49527135811381484,
    0.457273875883896,
    0.46557499638310185,
    0.437612553117565,
    0.456984341275946,
    0.41616057239071597,
    0.4202903481416924,
    0.4601623445661886,
    0.4277220390860671,
    0.3821442305468172,
    0.38801899600484124,
    0.39192099173281936,
    0.34897945040748235,
    0.40936043175467607,
    0.3723371617934283,
    0.43087950447537254,
    0.3517034091321866,
    0.34887735060430985,
    0.3352676665711546,
    0.3307396961234466,
    0.3563218340390389,
    0.3491931225330484
  ],
  "td_error_abs_T": [
    1368,
    2397,
    3417,
    4424,
    5450,
    6454,
    7477,
    8493,
    9535,
    10573,
    11573,
    12601,
    13630,
    14654,
    15668,
    16683,
    17729,
    18757,
    19788,
    20822,
    21822,
    22849,
    23877,
    24906
  ],
  "test_battle_won_mean": [
    0.0,
    0.02,
    0.0,
    0.0,
    0.0
  ],
  "test_battle_won_mean_T": [
    41,
    5076,
    10114,
    15119,
    20119
  ],
  "test_dead_allies_mean": [
    2.0,
    1.97,
    2.0,
    2.0,
    1.99
  ],
  "test_dead_allies_mean_T": [
    41,
    5076,
    10114,
    15119,
    20119
  ],
  "test_dead_enemies_mean": [
    1.75,
    2.3,
    2.84,
    3.3,
    2.9
  ],
  "test_dead_enemies_mean_T": [
    41,
    5076,
    10114,
    15119,
    20119
  ],
  "test_ep_length_mean": [
    41.69,
    53.56,
    42.01,
    40.0,
    43.69
  ],
  "test_ep_length_mean_T": [
    41,
    5076,
    10114,
    15119,
    20119
  ],
  "test_return_mean": [
    {
      "dtype": "float64",
      "py/object": "numpy.float64",
      "value": 3.4979802594866065
    },
    {
      "dtype": "float64",
      "py/object": "numpy.float64",
      "value": 4.6891612025669644
    },
    {
      "dtype": "float64",
      "py/object": "numpy.float64",
      "value": 6.272630266462053
    },
    {
      "dtype": "float64",
      "py/object": "numpy.float64",
      "value": 6.732068394252232
    },
    {
      "dtype": "float64",
      "py/object": "numpy.float64",
      "value": 6.421324288504464
    }
  ],
  "test_return_mean_T": [
    41,
    5076,
    10114,
    15119,
    20119
  ],
  "test_return_std": [
    {
      "dtype": "float64",
      "py/object": "numpy.float64",
      "value": 1.0438371506195234
    },
    {
      "dtype": "float64",
      "py/object": "numpy.float64",
      "value": 2.992454365219271
    },
    {
      "dtype": "float64",
      "py/object": "numpy.float64",
      "value": 1.0096585299922693
    },
    {
      "dtype": "float64",
      "py/object": "numpy.float64",