{
  "custom_coop_summed_mean": [
    0.0
  ],
  "custom_coop_summed_mean_T": [
    50
  ],
  "epsilon": [
    1.0,
    0.8097340000000001,
    0.619772
  ],
  "epsilon_T": [
    50,
    10051,
    20062
  ],
  "grad_norm": [
    3856.735107421875,
    84.21659088134766,
    127.89114379882812
  ],
  "grad_norm_T": [
    1361,
    11391,
    21409
  ],
  "loss": [
    259.1194763183594,
    39.20700454711914,
    55.68092727661133
  ],
  "loss_T": [
    1361,
    11391,
    21409
  ],
  "meta_learner_loss_mean": [
    0.0
  ],
  "meta_learner_loss_mean_T": [
    50
  ],
  "q_taken_mean": [
    12.638836907604702,
    19.231381321225072,
    23.402552102231496
  ],
  "q_taken_mean_T": [
    1361,
    11391,
    21409
  ],
  "target_max_qvals_mean": [
    18.817574393828068,
    19.709468482905983,
    23.99194371371553
  ],
  "target_max_qvals_mean_T": [
    1361,
    11391,
    21409
  ],
  "target_mean": [
    18.437993662747978,
    19.349165609419515,
    23.547256270410013
  ],
  "target_mean_T": [
    1361,
    11391,
    21409
  ],
  "td_error_abs": [
    12.680921656869948,
    2.5921310903000356,
    3.075290275761974
  ],
  "td_error_abs_T": [
    1361,
    11391,
    21409
  ],
  "test_ep_length_mean": [
    50.0
  ],
  "test_ep_length_mean_T": [
    50
  ],
  "test_only_built_in_return_mean": [
    {
      "dtype": "float64",
      "py/object": "numpy.float64",
      "value": 0.0
    }
  ],
  "test_only_built_in_return_mean_T": [
    50
  ],
  "test_only_built_in_return_std": [
    {
      "dtype": "float64",
      "py/object": "numpy.float64",
      "value": 0.0
    }
  ],
  "test_only_built_in_return_std_T": [
    50
  ],
  "test_only_custom_return_mean": [
    {
      "dtype": "float64",
      "py/object": "numpy.float64",
      "value": 37.411586598008874
    }
  ],
  "test_only_custom_return_mean_T": [
    50
  ],
  "test_only_custom_return_std": [
    {
      "dtype": "float64",
      "py/object": "numpy.float64",
      "value": 19.29198088200491
    }
  ],
  "test_only_custom_return_std_T": [
    50
  ],
  "test_summed_return_mean": [
    {
      "dtype": "float64",
      "py/object": "numpy.float64",
      "value": 37.411586598008874
    }
  ],
  "test_summed_return_mean_T": [
    50
  ],
  "test_summed_return_std": [
    {
      "dtype": "float64",
      "py/object": "numpy.float64",
      "value": 19.29198088200491
    }
  ],
  "test_summed_return_std_T": [
    50
  ]
}