{
  "episode": [
    115,
    231,
    350,
    469,
    590
  ],
  "episode_T": [
    5005,
    10019,
    15038,
    20057,
    25089
  ],
  "epsilon": [
    1.0,
    0.980069,
    0.96067,
    0.941689,
    0.922157,
    0.9024920000000001,
    0.8829980000000001,
    0.863789,
    0.844561,
    0.825276,
    0.805573,
    0.786269,
    0.766642,
    0.747528,
    0.728281,
    0.708882,
    0.689844,
    0.6705780000000001,
    0.651236,
    0.6321030000000001,
    0.6126280000000001,
    0.5930770000000001,
    0.5738300000000001,
    0.554146,
    0.534462
  ],
  "epsilon_T": [
    52,
    1101,
    2112,
    3114,
    4138,
    5174,
    6198,
    7212,
    8224,
    9236,
    10274,
    11291,
    12322,
    13327,
    14344,
    15359,
    16369,
    17384,
    18395,
    19406,
    20426,
    21465,
    22468,
    23508,
    24547
  ],
  "grad_norm": [
    2.2297253608703613,
    0.4670260548591614,
    0.4229707717895508,
    0.3748323321342468,
    0.9397375583648682,
    0.682873010635376,
    0.7053323984146118,
    1.1491490602493286,
    1.1934038400650024,
    2.631932497024536,
    0.8984425067901611,
    0.5523296594619751,
    2.036306858062744,
    1.2386544942855835,
    1.110321044921875,
    1.1168767213821411,
    1.320391058921814,
    14.10289192199707,
    3.3441576957702637,
    0.8109754920005798,
    0.7863285541534424,
    1.540197491645813,
    0.9663254022598267,
    0.6490858793258667
  ],
  "grad_norm_T": [
    1419,
    2421,
    3456,
    4482,
    5485,
    6511,
    7537,
    8553,
    9556,
    10561,
    11580,
    12618,
    13625,
    14637,
    15648,
    16658,
    17681,
    18702,
    19723,
    20749,
    21767,
    22772,
    23799,
    24801
  ],
  "loss": [
    1.377044439315796,
    0.8920177221298218,
    0.773502767086029,
    0.738118588924408,
    0.7489910125732422,
    0.6787660717964172,
    0.6343005299568176,
    0.661247193813324,
    0.531126856803894,
    0.5259513258934021,
    0.38625869154930115,
    0.39438992738723755,
    0.37011954188346863,
    0.38575735688209534,
    0.3769278824329376,
    0.4029734134674072,
    0.380668967962265,
    0.6722736358642578,
    0.39020222425460815,
    0.35508260130882263,
    0.3631835877895355,
    0.3419601619243622,
    0.3506072163581848,
    0.27897194027900696
  ],
  "loss_T": [
    1419,
    2421,
    3456,
    4482,
    5485,
    6511,
    7537,
    8553,
    9556,
    10561,
    11580,
    12618,
    13625,
    14637,
    15648,
    16658,
    17681,
    18702,
    19723,
    20749,
    21767,
    22772,
    23799,
    24801
  ],
  "q_taken_mean": [
    0.2977560095756805,
    0.34591539220400125,
    0.350956223227761,
    0.3481381642732689,
    0.36987195227033265,
    0.33817167569438217,
    0.3467186222007559,
    0.3406277284220791,
    0.3272142212872502,
    0.6807094252908791,
    0.6627511186340467,
    0.6824659569191625,
    0.7719708146720097,
    0.7282104048618051,
    0.7158031394466099,
    0.6733547585227273,
    0.7005732354696551,
    1.0508594819229014,
    0.8181723417446222,
    0.9005118992017663,
    0.9048416719086988,
    0.8512727289712104,
    0.9232461386994246,
    0.8404944362945779
  ],
  "q_taken_mean_T": [
    1419,
    2421,
    3456,
    4482,
    5485,
    6511,
    7537,
    8553,
    9556,
    10561,
    11580,
    12618,
    13625,
    14637,
    15648,
    16658,
    17681,
    18702,
    19723,
    20749,
    21767,
    22772,
    23799,
    24801
  ],
  "target_mean": [
    0.38585161205074,
    0.3545937201270029,
    0.35881458629261365,
    0.35104807023521806,
    0.3573481862137957,
    0.35071768411775917,
    0.3296435855355934,
    0.3614175516911965,
    0.34826294206705033,
    0.6296840346658791,
    0.6882375791438969,
    0.6819590673898179,
    0.7362412200576958,
    0.708608538605446,
    0.7005684723276604,
    0.7002448064630682,
    0.7230370899286069,
    0.8890803204835767,
    0.8887271288073934,
    0.9005772687386775,
    0.9176508932984364,
    0.8311210671622057,
    0.913604849607925,
    0.8409514448007642
  ],
  "target_mean_T": [
    1419,
    2421,
    3456,
    4482,
    5485,
    6511,
    7537,
    8553,
    9556,
    10561,
    11580,
    12618,
    13625,
    14637,
    15648,
    16658,
    17681,
    18702,
    19723,
    20749,
    21767,
    22772,
    23799,
    24801
  ],
  "td_error_abs": [
    0.6801944057902792,
    0.5792462598296385,
    0.5118259516629305,
    0.5042040488702788,
    0.5039062062158133,
    0.4646033748150556,
    0.4699361532603791,
    0.4722254605009525,
    0.4126291104846984,
    0.5401977016650321,
    0.3958989577114713,
    0.38006245901800123,
    0.3778161235239314,
    0.3862778863241506,
    0.3858989137424084,
    0.39550306285511366,
    0.38045665787925415,
    0.5218470218407847,
    0.3748643368978218,
    0.36610038867895156,
    0.373046787242766,
    0.36633633128679177,
    0.36181629297019996,
    0.3271720919546602
  ],
  "td_error_abs_T": [
    1419,
    2421,
    3456,
    4482,
    5485,
    6511,
    7537,
    8553,
    9556,
    10561,
    11580,
    12618,
    13625,
    14637,
    15648,
    16658,
    17681,
    18702,
    19723,
    20749,
    21767,
    22772,
    23799,
    24801
  ],
  "test_battle_won_mean": [
    0.0,
    0.0,
    0.0,
    0.0,
    0.0
  ],
  "test_battle_won_mean_T": [
    52,
    5088,
    10110,
    15115,
    20143
  ],
  "test_dead_allies_mean": [
    1.99,
    2.0,
    2.0,
    2.0,
    2.0
  ],
  "test_dead_allies_mean_T": [
    52,
    5088,
    10110,
    15115,
    20143
  ],
  "test_dead_enemies_mean": [
    2.1,
    3.12,
    3.16,
    2.28,
    3.13
  ],
  "test_dead_enemies_mean_T": [
    52,
    5088,
    10110,
    15115,
    20143
  ],
  "test_ep_length_mean": [
    47.78,
    42.57,
    42.92,
    41.07,
    41.06
  ],
  "test_ep_length_mean_T": [
    52,
    5088,
    10110,
    15115,
    20143
  ],
  "test_return_mean": [
    {
      "dtype": "float64",
      "py/object": "numpy.float64",
      "value": 4.357311837332589
    },
    {
      "dtype": "float64",
      "py/object": "numpy.float64",
      "value": 6.053391985212052
    },
    {
      "dtype": "float64",
      "py/object": "numpy.float64",
      "value": 6.374799630301339
    },
    {
      "dtype": "float64",
      "py/object": "numpy.float64",
      "value": 5.320693708147321
    },
    {
      "dtype": "float64",
      "py/object": "numpy.float64",
      "value": 6.526904820033482
    }
  ],
  "test_return_mean_T": [
    52,
    5088,
    10110,
    15115,
    20143
  ],
  "test_return_std": [
    {
      "dtype": "float64",
      "py/object": "numpy.float64",
      "value": 1.2845621568598384
    },
    {
      "dtype": "float64",
      "py/object": "numpy.float64",
      "value": 1.1864930743185103
    },
    {
      "dtype": "float64",
      "py/object": "numpy.float64",
      "value": 1.284117355373173
    },
    {
      "dtype": "float64",
      "py/object": "numpy.float64",
      "value": 1.0485168164442096
    },
    {
      "dtype": "float64",
      "py/object": "numpy.float64",
      "value": 0.9593126855793623
    }
  ],
  "test_return_std_T": [
    52,
    5088,
    10110,
    15115,
    20143
  ]
}