{
  "episode": [
    24,
    48,
    72,
    96,
    120,
    144,
    168,
    192,
    216,
    240,
    264,
    288,
    312,
    337,
    362,
    386,
    410,
    435,
    460,
    484,
    509,
    534,
    559,
    583,
    608,
    632,
    656,
    680,
    704,
    729
  ],
  "episode_T": [
    1033,
    2057,
    3066,
    4088,
    5107,
    6124,
    7128,
    8163,
    9195,
    10209,
    11244,
    12267,
    13274,
    14312,
    15336,
    16360,
    17375,
    18407,
    19432,
    20444,
    21478,
    22512,
    23539,
    24541,
    25576,
    26582,
    27598,
    28602,
    29605,
    30634
  ],
  "epsilon": [
    1.0,
    0.980373,
    0.960917,
    0.941746,
    0.922328,
    0.902967,
    0.883644,
    0.864568,
    0.844903,
    0.825295,
    0.806029,
    0.7863640000000001,
    0.766927,
    0.7477940000000001,
    0.728072,
    0.708616,
    0.68916,
    0.669875,
    0.650267,
    0.630792,
    0.611564,
    0.591918,
    0.5722720000000001,
    0.552759,
    0.5337210000000001,
    0.5140560000000001,
    0.4949420000000001,
    0.4756380000000001,
    0.456562,
    0.43750500000000003,
    0.41795400000000005
  ],
  "epsilon_T": [
    41,
    1075,
    2095,
    3111,
    4129,
    5153,
    6163,
    7170,
    8204,
    9237,
    10253,
    11284,
    12309,
    13316,
    14355,
    15376,
    16401,
    17414,
    18448,
    19469,
    20484,
    21519,
    22555,
    23581,
    24585,
    25620,
    26623,
    27639,
    28642,
    29646,
    30673
  ],
  "grad_norm": [
    1.8201266527175903,
    0.5206286311149597,
    0.5004497766494751,
    0.6946267485618591,
    0.6153956651687622,
    1.2424179315567017,
    0.8609827756881714,
    0.6752060651779175,
    2.4332945346832275,
    4.401510715484619,
    0.43877795338630676,
    0.7818055152893066,
    0.4265572130680084,
    1.4808567762374878,
    0.3981900215148926,
    0.46018198132514954,
    1.0032885074615479,
    2.9431467056274414,
    0.5767029523849487,
    0.8792546987533569,
    0.41244053840637207,
    0.9602453708648682,
    1.3044136762619019,
    0.4752247929573059,
    1.4699578285217285,
    1.985002040863037,
    1.748975396156311,
    1.0901962518692017,
    0.7989504933357239,
    1.0395750999450684
  ],
  "grad_norm_T": [
    1370,
    2387,
    3416,
    4425,
    5452,
    6457,
    7487,
    8497,
    9533,
    10552,
    11578,
    12600,
    13606,
    14637,
    15674,
    16696,
    17706,
    18744,
    19767,
    20770,
    21771,
    22795,
    23837,
    24878,
    25878,
    26883,
    27924,
    28949,
    29966,
    31001
  ],
  "loss": [
    1.1451354026794434,
    0.8936606049537659,
    0.711808443069458,
    0.7098400592803955,
    0.762923002243042,
    0.6737210750579834,
    0.6297647953033447,
    0.6398658752441406,
    0.6088369488716125,
    0.48633983731269836,
    0.3213367164134979,
    0.26527291536331177,
    0.2950027287006378,
    0.32409924268722534,
    0.3244727551937103,
    0.33523818850517273,
    0.2986811101436615,
    0.39258888363838196,
    0.3550492823123932,
    0.313574880361557,
    0.3101882040500641,
    0.30680960416793823,
    0.31763362884521484,
    0.3174322247505188,
    0.3014906942844391,
    0.4029758870601654,
    0.3595527112483978,
    0.3184645473957062,
    0.3124687373638153,
    0.36367297172546387
  ],
  "loss_T": [
    1370,
    2387,
    3416,
    4425,
    5452,
    6457,
    7487,
    8497,
    9533,
    10552,
    11578,
    12600,
    13606,
    14637,
    15674,
    16696,
    17706,
    18744,
    19767,
    20770,
    21771,
    22795,
    23837,
    24878,
    25878,
    26883,
    27924,
    28949,
    29966,
    31001
  ],
  "q_taken_mean": [
    0.24414659486199816,
    0.26448673223212654,
    0.269612563430263,
    0.28145730283838755,
    0.2778222027946921,
    0.2650725420783548,
    0.20316487810652253,
    0.25087348988514074,
    0.2916279106168248,
    0.6671620146714832,
    0.5621643515855118,
    0.5440010555906792,
    0.5287176420182577,
    0.4936818486784738,
    0.5356153482598397,
    0.539171090974057,
    0.4934660025757988,
    0.6552341499937636,
    0.6827873711113457,
    0.6900918650072675,
    0.6980434261733272,
    0.6909021200879832,
    0.656617310670045,
    0.6793942313006096,
    0.6467904253423125,
    0.843822839556784,
    0.8554829885134194,
    0.9153769646648818,
    0.8667802380704915,
    0.9013572849045205
  ],
  "q_taken_mean_T": [
    1370,
    2387,
    3416,
    4425,
    5452,
    6457,
    7487,
    8497,
    9533,
    10552,
    11578,
    12600,
    13606,
    14637,
    15674,
    16696,
    17706,
    18744,
    19767,
    20770,
    21771,
    22795,
    23837,
    24878,
    25878,
    26883,
    27924,
    28949,
    29966,
    31001
  ],
  "target_max_qvals_max": [
    0.7800108790397644,
    0.6872330904006958,
    0.7507095336914062,
    0.7398068904876709,
    0.6914595365524292,
    0.6988146305084229,
    0.6873859167098999,
    0.6951369047164917,
    0.7020459771156311,
    4.076263427734375,
    3.7191379070281982,
    4.076263427734375,
    3.819265604019165,
    3.8384523391723633,
    3.716482162475586,
    3.739917755126953,
    4.035804748535156,
    5.063721656799316,
    5.632617473602295,
    5.427334785461426,
    5.082357406616211,
    5.1901702880859375,
    5.260768413543701,
    5.17675256729126,
    5.257092475891113,
    6.964151382446289,
    6.916553497314453,
    6.56201696395874,
    6.7464599609375,
    6.964151382446289
  ],
  "target_max_qvals_max_T": [
    1370,
    2387,
    3416,
    4425,
    5452,
    6457,
    7487,
    8497,
    9533,
    10552,
    11578,
    12600,
    13606,
    14637,
    15674,
    16696,
    17706,
    18744,
    19767,
    20770,
    21771,
    22795,
    23837,
    24878,
    25878,
    26883,
    27924,
    28949,
    29966,
    31001
  ],
  "target_max_qvals_mean": [
    0.27213604780879336,
    0.24066610176080852,
    0.24735814824232996,
    0.24074935913085938,
    0.23798280603745403,
    0.22305120580336626,
    0.21237428472029748,
    0.22543069981230454,
    0.23111796256102615,
    0.515910190818584,
    0.5414336124470729,
    0.5154199324591311,
    0.5215819155013448,
    0.4904340050698765,
    0.5177232836842884,
    0.498331097750205,
    0.4841648121198711,
    0.6715521071922623,
    0.6281755235460069,
    0.6446509393461647,
    0.6527503485130112,
    0.6444105597676194,
    0.6325758283918684,
    0.6337070763333023,
    0.6133085915405826,
    0.800616354420446,
    0.8121597267366271,
    0.8365464992325978,
    0.8041925423249261,
    0.839277543652862
  ],
  "target_max_qvals_mean_T": [
    1370,
    2387,
    3416,
    4425,
    5452,
    6457,
    7487,
    8497,
    9533,
    10552,
    11578,
    12600,
    13606,
    14637,
    15674,
    16696,
    17706,
    18744,
    19767,
    20770,
    21771,
    22795,
    23837,
    24878,
    25878,
    26883,
    27924,
    28949,
    29966,
    31001
  ],
  "target_max_qvals_min": [
    -0.0,
    -0.0,
    -0.0,
    -0.0,
    -0.0,
    -0.0,
    -0.0,
    -0.0,
    -0.0,
    -0.37896859645843506,
    -0.41793954372406006,
    -0.363875150680542,
    -0.3922427296638489,
    -0.3677058219909668,
    -0.334969699382782,
    -0.3949432671070099,
    -0.3722061514854431,
    -0.7004313468933105,
    -0.7416577339172363,
    -0.6533823013305664,
    -0.6544031500816345,
    -0.7416577339172363,
    -0.7171577215194702,
    -0.7004313468933105,
    -0.7702008485794067,
    -1.152713418006897,
    -1.2047178745269775,
    -1.3404099941253662,
    -1.198968529701233,
    -1.198968529701233
  ],
  "target_max_qvals_min_T": [
    1370,
    2387,
    3416,
    4425,
    5452,
    6457,
    7487,
    8497,
    9533,
    10552,
    11578,
    12600,
    13606,
    14637,
    15674,
    16696,
    17706,
    18744,
    19767,
    20770,
    21771,
    22795,
    23837,
    24878,
    25878,
    26883,
    27924,
    28949,
    29966,
    31001
  ],