{
  "SplitInGroups_count": [
    0.09,
    3.58,
    2.31
  ],
  "SplitInGroups_count_T": [
    41,
    50083,
    100117
  ],
  "SplitInGroups_reward": [
    1.1,
    40.3,
    25.7
  ],
  "SplitInGroups_reward_T": [
    41,
    50083,
    100117
  ],
  "custom_coop_summed_mean": [
    59.5,
    2194.0,
    1400.5
  ],
  "custom_coop_summed_mean_T": [
    41,
    50083,
    100117
  ],
  "episode": [
    1047,
    2058,
    3068
  ],
  "episode_T": [
    50033,
    100067,
    150094
  ],
  "epsilon": [
    1.0,
    0.8099810000000001,
    0.6194870000000001,
    0.42901200000000006,
    0.23899300000000012,
    0.05,
    0.05,
    0.05,
    0.05,
    0.05,
    0.05,
    0.05,
    0.05,
    0.05,
    0.05
  ],
  "epsilon_T": [
    41,
    10051,
    20077,
    30102,
    40103,
    50133,
    60176,
    70184,
    80193,
    90195,
    100217,
    110221,
    120238,
    130284,
    140288
  ],
  "grad_norm": [
    4284.7939453125,
    28.921802520751953,
    26.960498809814453,
    22.041627883911133,
    44.03374099731445,
    70.79867553710938,
    53.831573486328125,
    66.98462677001953,
    61.32841491699219,
    38.18107604980469,
    127.0368881225586,
    103.76612854003906,
    51.79114532470703,
    52.377235412597656,
    143.79400634765625
  ],
  "grad_norm_T": [
    1503,
    11515,
    21518,
    31541,
    41553,
    51588,
    61626,
    71634,
    81643,
    91645,
    101686,
    111716,
    121758,
    131784,
    141788
  ],
  "loss": [
    211.791748046875,
    3.2811412811279297,
    3.0256478786468506,
    3.6989028453826904,
    5.617640495300293,
    5.91337251663208,
    6.9976325035095215,
    10.181766510009766,
    8.231821060180664,
    9.373640060424805,
    14.440082550048828,
    12.777965545654297,
    12.659099578857422,
    14.287569999694824,
    16.55014991760254
  ],
  "loss_T": [
    1503,
    11515,
    21518,
    31541,
    41553,
    51588,
    61626,
    71634,
    81643,
    91645,
    101686,
    111716,
    121758,
    131784,
    141788
  ],
  "meta_learner_loss_mean": [
    0.8520465365869351,
    3.2178983669148917,
    NaN
  ],
  "meta_learner_loss_mean_T": [
    41,
    50083,
    100117
  ],
  "metric_AverageCooperationLevelMetric": [
    {
      "dtype": "float64",
      "py/object": "numpy.float64",
      "value": 1.5643564356435644
    },
    {
      "dtype": "float64",
      "py/object": "numpy.float64",
      "value": 1.5063208369659982
    },
    {
      "dtype": "float64",
      "py/object": "numpy.float64",
      "value": 1.4970747074707471
    }
  ],
  "metric_AverageCooperationLevelMetric_T": [
    41,
    50083,
    100117
  ],
  "metric_AverageFoodPerAgentMetric": [
    {
      "dtype": "float64",
      "py/object": "numpy.float64",
      "value": 1.0476744747645497
    },
    {
      "dtype": "float64",
      "py/object": "numpy.float64",
      "value": 0.9006034952404721
    },
    {
      "dtype": "float64",
      "py/object": "numpy.float64",
      "value": 0.9383313419954452
    }
  ],
  "metric_AverageFoodPerAgentMetric_T": [
    41,
    50083,
    100117
  ],
  "metric_EfficiencyMetric": [
    {
      "dtype": "float64",
      "py/object": "numpy.float64",
      "value": 0.37883705562547815
    },
    {
      "dtype": "float64",
      "py/object": "numpy.float64",
      "value": 0.35538422907896045
    },
    {
      "dtype": "float64",
      "py/object": "numpy.float64",
      "value": 0.3474284388016134
    }
  ],
  "metric_EfficiencyMetric_T": [
    41,
    50083,
    100117
  ],
  "metric_FoodLeftUncollectedMetric": [
    {
      "dtype": "float64",
      "py/object": "numpy.float64",
      "value": 4.190697899058199
    },
    {
      "dtype": "float64",
      "py/object": "numpy.float64",
      "value": 3.6024139809618885
    },
    {
      "dtype": "float64",
      "py/object": "numpy.float64",
      "value": 3.753325367981781
    }
  ],
  "metric_FoodLeftUncollectedMetric_T": [
    41,
    50083,
    100117
  ],
  "metric_HighestLevelFoodCollectedMetric": [
    {
      "dtype": "float64",
      "py/object": "numpy.float64",
      "value": 2.603477420912823
    },
    {
      "dtype": "float64",
      "py/object": "numpy.float64",
      "value": 2.478074184571029
    },
    {
      "dtype": "float64",
      "py/object": "numpy.float64",
      "value": 2.4490481072747405
    }
  ],
  "metric_HighestLevelFoodCollectedMetric_T": [
    41,
    50083,
    100117
  ],
  "metric_StepsTakenMetric": [
    0.9900990099009901,
    0.08718395815170009,
    0.09000900090009001
  ],
  "metric_StepsTakenMetric_T": [
    41,
    50083,
    100117
  ],
  "metric_TotalFoodCollectedMetric": [
    {
      "dtype": "float64",
      "py/object": "numpy.float64",
      "value": 4.190697899058199
    },
    {
      "dtype": "float64",
      "py/object": "numpy.float64",
      "value": 3.6024139809618885
    },
    {
      "dtype": "float64",
      "py/object": "numpy.float64",
      "value": 3.753325367981781
    }
  ],
  "metric_TotalFoodCollectedMetric_T": [
    41,
    50083,
    100117
  ],
  "q_taken_mean": [
    -0.1064008863782851,
    -0.40408379393197147,
    0.7490033563086604,
    1.3352689521257268,
    1.8348229117808006,
    2.410440538916861,
    2.8751347894113666,
    3.348929235329582,
    3.4784103946479656,
    3.891385912818343,
    3.8626889770027852,
    4.373342594630282,
    4.94931640625,
    4.713090418270742,
    5.423182373046875
  ],
  "q_taken_mean_T": [
    1503,
    11515,
    21518,
    31541,
    41553,
    51588,
    61626,
    71634,
    81643,
    91645,
    101686,
    111716,
    121758,
    131784,
    141788
  ],
  "target_max_qvals_mean": [
    3.083584783557884,
    -0.3811782670151341,
    0.7787935120253839,
    1.422240375983242,
    1.8559721468984522,
    2.2942825906603694,
    2.828786393141069,
    3.254874962319132,
    3.476248361013986,
    3.9222798547308186,
    4.146550289769004,
    4.610271001006036,
    4.977153880635246,
    4.787745889967002,
    5.361903076171875
  ],
  "target_max_qvals_mean_T": [
    1503,
    11515,
    21518,
    31541,
    41553,
    51588,
    61626,
    71634,
    81643,
    91645,
    101686,
    111716,
    121758,
    131784,
    141788
  ],
  "target_mean": [
    3.008533388951264,
    -0.34461203820067027,
    0.8087000719923209,
    1.3764779525318485,
    1.9117014051751093,
    2.277828780376165,
    2.8013663285478687,
    3.2642468222467844,
    3.428764018297044,
    3.925857750544004,
    4.0798567025720835,
    4.556602636653253,
    4.902891265368853,
    4.714816435712602,
    5.275840454101562
  ],
  "target_mean_T": [
    1503,
    11515,
    21518,
    31541,
    41553,
    51588,
    61626,
    71634,
    81643,
    91645,
    101686,
    111716,
    121758,
    131784,
    141788
  ],
  "td_error_abs": [
    12.58153484697272,
    1.119106772167435,
    0.9298458164462458,
    1.0006784838299418,
    1.194138441628557,
    1.3163105117655627,
    1.0862777771904601,
    1.443575882988344,
    1.1422690302417753,
    1.2367660355214378,
    1.9050817727105176,
    1.7067681152016265,
    1.5020251664959017,
    1.4557902913360308,
    1.5927700805664062
  ],
  "td_error_abs_T": [
    1503,
    11515,
    21518,
    31541,
    41553,
    51588,
    61626,
    71634,
    81643,
    91645,
    101686,
    111716,
    121758,
    131784,
    141788
  ],
  "test_ep_length_mean": [
    50.0,
    49.51,
    50.0
  ],
  "test_ep_length_mean_T": [
    41,
    50083,
    100117
  ],
  "test_only_built_in_return_mean": [
    {
      "dtype": "float64",
      "py/object": "numpy.float64",
      "value": 0.0275
    },
    {
      "dtype": "float64",
      "py/object": "numpy.float64",
      "value": 0.11783333333333332
    },
    {
      "dtype": "float64",
      "py/object": "numpy.float64",
      "value": 0.06983333333333333
    }
  ],
  "test_only_built_in_return_mean_T": [
    41,
    50083,
    100117
  ],
  "test_only_built_in_return_std": [
    {
      "dtype": "float64",