{
  "episode": [
    116
  ],
  "episode_T": [
    5007
  ],
  "epsilon": [
    1.0,
    0.980354,
    0.960898,
    0.941917,
    0.922328,
    0.903252,
    0.883739
  ],
  "epsilon_T": [
    46,
    1075,
    2101,
    3102,
    4132,
    5133,
    6159
  ],
  "grad_norm": [
    3.333759307861328,
    0.7227030396461487,
    1.2107045650482178,
    2.3316168785095215,
    0.7117490768432617
  ],
  "grad_norm_T": [
    1378,
    2401,
    3438,
    4467,
    5505
  ],
  "loss": [
    1.1720542907714844,
    0.7573578953742981,
    0.7200798988342285,
    0.6622636318206787,
    0.6654322743415833
  ],
  "loss_T": [
    1378,
    2401,
    3438,
    4467,
    5505
  ],
  "q_taken_mean": [
    0.062435548779580345,
    0.08865325327607201,
    0.041022779304029304,
    0.11557022485977564,
    0.057159317786796476
  ],
  "q_taken_mean_T": [
    1378,
    2401,
    3438,
    4467,
    5505
  ],
  "target_mean": [
    0.14866480944983673,
    0.08083119013842578,
    0.05866936764000973,
    0.049555667416080015,
    0.08218735399783399
  ],
  "target_mean_T": [
    1378,
    2401,
    3438,
    4467,
    5505
  ],
  "td_error_abs": [
    0.6348690481421218,
    0.5652921916964448,
    0.5012295118618361,
    0.49302084227621334,
    0.48038561359843635
  ],
  "td_error_abs_T": [
    1378,
    2401,
    3438,
    4467,
    5505
  ],
  "test_battle_won_mean": [
    0.0,
    0.0
  ],
  "test_battle_won_mean_T": [
    46,
    5046
  ],
  "test_dead_allies_mean": [
    2.0,
    1.87
  ],
  "test_dead_allies_mean_T": [
    46,
    5046
  ],
  "test_dead_enemies_mean": [
    1.97,
    2.59
  ],
  "test_dead_enemies_mean_T": [
    46,
    5046
  ],
  "test_ep_length_mean": [
    44.53,
    88.91
  ],
  "test_ep_length_mean_T": [
    46,
    5046
  ],
  "test_return_mean": [
    {
      "dtype": "float64",
      "py/object": "numpy.float64",
      "value": 3.2352802385602684
    },
    {
      "dtype": "float64",
      "py/object": "numpy.float64",
      "value": 5.319236711774551
    }
  ],
  "test_return_mean_T": [
    46,
    5046
  ],
  "test_return_std": [
    {
      "dtype": "float64",
      "py/object": "numpy.float64",
      "value": 0.20833356181906637
    },
    {
      "dtype": "float64",
      "py/object": "numpy.float64",
      "value": 1.5196170857444053
    }
  ],
  "test_return_std_T": [
    46,
    5046
  ]
}