{
  "AttackingSame_count": [
    4.69,
    2.86
  ],
  "AttackingSame_count_T": [
    44,
    5044
  ],
  "AttackingSame_reward": [
    93.8,
    57.2
  ],
  "AttackingSame_reward_T": [
    44,
    5044
  ],
  "NotAttacking_count": [
    7.4,
    14.62
  ],
  "NotAttacking_count_T": [
    44,
    5044
  ],
  "NotAttacking_reward": [
    -74.0,
    -146.2
  ],
  "NotAttacking_reward_T": [
    44,
    5044
  ],
  "StayTogether_count": [
    0.18,
    0.91
  ],
  "StayTogether_count_T": [
    44,
    5044
  ],
  "StayTogether_reward": [
    1.8,
    9.1
  ],
  "StayTogether_reward_T": [
    44,
    5044
  ],
  "StayTogether_total_group_distance": [
    {
      "dtype": "float64",
      "py/object": "numpy.float64",
      "value": 10710.773564907462
    },
    {
      "dtype": "float64",
      "py/object": "numpy.float64",
      "value": 129721.44178261541
    }
  ],
  "StayTogether_total_group_distance_T": [
    44,
    5044
  ],
  "StayTogether_total_group_distance_delta": [
    {
      "dtype": "float64",
      "py/object": "numpy.float64",
      "value": -5.769036866277457
    },
    {
      "dtype": "float64",
      "py/object": "numpy.float64",
      "value": -20.17132336497307
    }
  ],
  "StayTogether_total_group_distance_delta_T": [
    44,
    5044
  ],
  "TeamUp_count": [
    0.0,
    0.01
  ],
  "TeamUp_count_T": [
    44,
    5044
  ],
  "TeamUp_reward": [
    0.0,
    0.1
  ],
  "TeamUp_reward_T": [
    44,
    5044
  ],
  "custom_coop_summed_mean": [
    {
      "dtype": "float64",
      "py/object": "numpy.float64",
      "value": 107388.74528041184
    },
    {
      "dtype": "float64",
      "py/object": "numpy.float64",
      "value": 1296398.7045925043
    }
  ],
  "custom_coop_summed_mean_T": [
    44,
    5044
  ],
  "episode": [
    24,
    48,
    71,
    96,
    119
  ],
  "episode_T": [
    1040,
    2079,
    3083,
    4121,
    5130
  ],
  "epsilon": [
    1.0,
    0.98024,
    0.960499,
    0.941423,
    0.921701,
    0.90253
  ],
  "epsilon_T": [
    44,
    1085,
    2121,
    3126,
    4163,
    5174
  ],
  "grad_norm": [
    1.3526655435562134,
    0.8603052496910095,
    0.8675082325935364,
    0.8388175368309021,
    2.595724105834961
  ],
  "grad_norm_T": [
    1386,
    2391,
    3412,
    4425,
    5431
  ],
  "loss": [
    1.2325359582901,
    0.8094180822372437,
    1.0578207969665527,
    0.9596155881881714,
    0.8733493089675903
  ],
  "loss_T": [
    1386,
    2391,
    3412,
    4425,
    5431
  ],
  "q_taken_mean": [
    0.08653785518409542,
    0.07754685600259026,
    0.11349208684858685,
    0.06708743016730169,
    0.15282225249915996
  ],
  "q_taken_mean_T": [
    1386,
    2391,
    3412,
    4425,
    5431
  ],
  "target_max_qvals_mean": [
    0.11717461920403816,
    0.06004676384124321,
    0.07112948734648047,
    0.08570302585099437,
    0.08253860747087814
  ],
  "target_max_qvals_mean_T": [
    1386,
    2391,
    3412,
    4425,
    5431
  ],
  "target_mean": [
    0.13635449870496258,
    0.056093895197593925,
    0.08387041840165556,
    0.08962202279164029,
    0.0846760739562332
  ],
  "target_mean_T": [
    1386,
    2391,
    3412,
    4425,
    5431
  ],
  "td_error_abs": [
    0.2874149250949788,
    0.31475797473874867,
    0.3606299864242488,
    0.3328062684077085,
    0.39439281614023297
  ],
  "td_error_abs_T": [
    1386,
    2391,
    3412,
    4425,
    5431
  ],
  "test_battle_won_mean": [
    0.0,
    0.0
  ],
  "test_battle_won_mean_T": [
    44,
    5044
  ],
  "test_dead_allies_mean": [
    2.0,
    2.0
  ],
  "test_dead_allies_mean_T": [
    44,
    5044
  ],
  "test_dead_enemies_mean": [
    1.68,
    2.4
  ],
  "test_dead_enemies_mean_T": [
    44,
    5044
  ],
  "test_ep_length_mean": [
    44.75,
    43.06
  ],
  "test_ep_length_mean_T": [
    44,
    5044
  ],
  "test_only_built_in_return_mean": [
    {
      "dtype": "float64",
      "py/object": "numpy.float64",
      "value": 3.106139439174107
    },
    {
      "dtype": "float64",
      "py/object": "numpy.float64",
      "value": 5.339728306361606
    }
  ],
  "test_only_built_in_return_mean_T": [
    44,
    5044
  ],
  "test_only_built_in_return_std": [
    {
      "dtype": "float64",
      "py/object": "numpy.float64",
      "value": 0.9850221344580277
    },
    {
      "dtype": "float64",
      "py/object": "numpy.float64",
      "value": 0.8818630236391896
    }
  ],
  "test_only_built_in_return_std_T": [
    44,
    5044
  ],
  "test_only_custom_return_mean": [
    {
      "dtype": "float64",
      "py/object": "numpy.float64",
      "value": 1.7
    },
    {
      "dtype": "float64",
      "py/object": "numpy.float64",
      "value": 1.0
    }
  ],
  "test_only_custom_return_mean_T": [
    44,
    5044
  ],
  "test_only_custom_return_std": [
    {
      "dtype": "float64",
      "py/object": "numpy.float64",
      "value": 4.013726448077896
    },
    {
      "dtype": "float64",
      "py/object": "numpy.float64",
      "value": 3.0
    }
  ],
  "test_only_custom_return_std_T": [
    44,
    5044
  ],
  "test_summed_return_mean": [
    {
      "dtype": "float64",
      "py/object": "numpy.float64",
      "value": 4.806139439174107
    },
    {
      "dtype": "float64",
      "py/object": "numpy.float64",
      "value": 6.339728306361608
    }
  ],
  "test_summed_return_mean_T": [
    44,
    5044
  ],
  "test_summed_return_std": [
    {
      "dtype": "float64",
      "py/object": "numpy.float64",
      "value": 4.2886787878598716
    },
    {
      "dtype": "float64",
      "py/object": "numpy.float64",
      "value": 3.001743526768697
    }
  ],
  "test_summed_return_std_T": [
    44,
    5044
  ]
}