{
  "AttackingSame_count": [
    5.44
  ],
  "AttackingSame_count_T": [
    38
  ],
  "AttackingSame_reward": [
    174.6
  ],
  "AttackingSame_reward_T": [
    38
  ],
  "NotAttacking_count": [
    0.0
  ],
  "NotAttacking_count_T": [
    38
  ],
  "NotAttacking_reward": [
    0.0
  ],
  "NotAttacking_reward_T": [
    38
  ],
  "SplitInGroups_count": [
    0.0
  ],
  "SplitInGroups_count_T": [
    38
  ],
  "SplitInGroups_reward": [
    0.0
  ],
  "SplitInGroups_reward_T": [
    38
  ],
  "StayTogether_count": [
    4.33
  ],
  "StayTogether_count_T": [
    38
  ],
  "StayTogether_reward": [
    43.3
  ],
  "StayTogether_reward_T": [
    38
  ],
  "StayTogether_total_group_distance": [
    {
      "dtype": "float64",
      "py/object": "numpy.float64",
      "value": 162101.50380981975
    }
  ],
  "StayTogether_total_group_distance_T": [
    38
  ],
  "StayTogether_total_group_distance_delta": [
    {
      "dtype": "float64",
      "py/object": "numpy.float64",
      "value": -547.9520602338016
    }
  ],
  "StayTogether_total_group_distance_delta_T": [
    38
  ],
  "TeamUp_count": [
    2.76
  ],
  "TeamUp_count_T": [
    38
  ],
  "TeamUp_reward": [
    28.1
  ],
  "TeamUp_reward_T": [
    38
  ],
  "custom_coop_summed_mean": [
    {
      "dtype": "float64",
      "py/object": "numpy.float64",
      "value": 1348434.0145798828
    }
  ],
  "custom_coop_summed_mean_T": [
    38
  ],
  "episode": [
    23,
    49,
    73,
    99
  ],
  "episode_T": [
    1011,
    2034,
    3067,
    4108
  ],
  "epsilon": [
    1.0,
    0.980791,
    0.961354,
    0.942468,
    0.9227460000000001
  ],
  "epsilon_T": [
    38,
    1053,
    2063,
    3067,
    4108
  ],
  "grad_norm": [
    1.7873685359954834,
    0.8089496493339539,
    0.5993620753288269
  ],
  "grad_norm_T": [
    1436,
    2446,
    3525
  ],
  "loss": [
    2.6629042625427246,
    3.9589180946350098,
    1.5674117803573608
  ],
  "loss_T": [
    1436,
    2446,
    3525
  ],
  "q_taken_mean": [
    0.0014215028717657317,
    0.08880697830065595,
    0.055179369408929715
  ],
  "q_taken_mean_T": [
    1436,
    2446,
    3525
  ],
  "target_max_qvals_mean": [
    0.02195380192281144,
    0.020656509215868084,
    0.00327963975509279
  ],
  "target_max_qvals_mean_T": [
    1436,
    2446,
    3525
  ],
  "target_mean": [
    0.08939275502494451,
    0.12319971985499574,
    0.058820215427021115
  ],
  "target_mean_T": [
    1436,
    2446,
    3525
  ],
  "td_error_abs": [
    0.4741664875848712,
    0.45352180193401664,
    0.31060563956511306
  ],
  "td_error_abs_T": [
    1436,
    2446,
    3525
  ],
  "test_battle_won_mean": [
    0.46
  ],
  "test_battle_won_mean_T": [
    38
  ],
  "test_dead_allies_mean": [
    3.14
  ],
  "test_dead_allies_mean_T": [
    38
  ],
  "test_dead_enemies_mean": [
    3.42
  ],
  "test_dead_enemies_mean_T": [
    38
  ],
  "test_ep_length_mean": [
    69.67
  ],
  "test_ep_length_mean_T": [
    38
  ],
  "test_only_built_in_return_mean": [
    {
      "dtype": "float64",
      "py/object": "numpy.float64",
      "value": 13.621840563322369
    }
  ],
  "test_only_built_in_return_mean_T": [
    38
  ],
  "test_only_built_in_return_std": [
    {
      "dtype": "float64",
      "py/object": "numpy.float64",
      "value": 6.1077919014492
    }
  ],
  "test_only_built_in_return_std_T": [
    38
  ],
  "test_only_custom_return_mean": [
    {
      "dtype": "float64",
      "py/object": "numpy.float64",
      "value": 0.0
    }
  ],
  "test_only_custom_return_mean_T": [
    38
  ],
  "test_only_custom_return_std": [
    {
      "dtype": "float64",
      "py/object": "numpy.float64",
      "value": 0.0
    }
  ],
  "test_only_custom_return_std_T": [
    38
  ],
  "test_summed_return_mean": [
    {
      "dtype": "float64",
      "py/object": "numpy.float64",
      "value": 13.621840563322369
    }
  ],
  "test_summed_return_mean_T": [
    38
  ],
  "test_summed_return_std": [
    {
      "dtype": "float64",
      "py/object": "numpy.float64",
      "value": 6.1077919014492
    }
  ],
  "test_summed_return_std_T": [
    38
  ]
}