{
  "SplitInGroups_count": [
    0.06,
    0.97,
    1.99,
    2.51,
    2.71,
    1.85,
    0.88
  ],
  "SplitInGroups_count_T": [
    19,
    10032,
    20046,
    30083,
    40083,
    50094,
    60094
  ],
  "SplitInGroups_reward": [
    0.0006000000000000001,
    0.009700000000000007,
    0.019900000000000015,
    0.025099999999999904,
    0.02709999999999986,
    0.018500000000000013,
    0.008800000000000006
  ],
  "SplitInGroups_reward_T": [
    19,
    10032,
    20046,
    30083,
    40083,
    50094,
    60094
  ],
  "custom_coop_summed_mean": [
    3.03,
    48.985,
    100.495,
    126.755,
    136.855,
    93.425,
    44.44
  ],
  "custom_coop_summed_mean_T": [
    19,
    10032,
    20046,
    30083,
    40083,
    50094,
    60094
  ],
  "episode": [
    529,
    1032
  ],
  "episode_T": [
    25030,
    50044
  ],
  "epsilon": [
    1.0,
    0.905494,
    0.810342,
    0.715323,
    0.6200760000000001,
    0.5244300000000001,
    0.4293730000000001,
    0.33437300000000003,
    0.23937300000000006,
    0.14416400000000007,
    0.05,
    0.05,
    0.05
  ],
  "epsilon_T": [
    19,
    5024,
    10032,
    15033,
    20046,
    25080,
    30083,
    35083,
    40083,
    45094,
    50094,
    55094,
    60094
  ],
  "grad_norm": [
    5227.6767578125,
    389.00567626953125,
    417.1328430175781,
    89.95515441894531,
    442.4762268066406,
    278.27716064453125,
    1016.0549926757812,
    193.9622039794922,
    639.6365356445312,
    82.56275939941406,
    1341.6749267578125,
    555.9669799804688,
    1105.4757080078125
  ],
  "grad_norm_T": [
    1450,
    6490,
    11515,
    16524,
    21546,
    26580,
    31583,
    36583,
    41583,
    46594,
    51594,
    56594,
    61594
  ],
  "loss": [
    419.03082275390625,
    37.417667388916016,
    31.934953689575195,
    31.690208435058594,
    55.010459899902344,
    52.01498794555664,
    71.02587127685547,
    64.66793823242188,
    78.38395690917969,
    89.39302062988281,
    94.23507690429688,
    83.37185668945312,
    90.72052001953125
  ],
  "loss_T": [
    1450,
    6490,
    11515,
    16524,
    21546,
    26580,
    31583,
    36583,
    41583,
    46594,
    51594,
    56594,
    61594
  ],
  "meta_learner_loss_mean": [
    0.02040594068377218,
    0.01028966127868607,
    0.007547856403741002,
    0.017723146127010342,
    0.0053127593842145875,
    0.0046063850188262445,
    0.010674933448365967
  ],
  "meta_learner_loss_mean_T": [
    19,
    10032,
    20046,
    30083,
    40083,
    50094,
    60094
  ],
  "meta_learner_prediction_mean": [
    1.3505811309949556,
    1.2612100325986282,
    1.3349241167131365,
    1.2380540285653954,
    1.316501733395456,
    1.3475951509906772,
    1.3558603883092597
  ],
  "meta_learner_prediction_mean_T": [
    19,
    10032,
    20046,
    30083,
    40083,
    50094,
    60094
  ],
  "metric_AverageCooperationLevelMetric": [
    {
      "dtype": "float64",
      "py/object": "numpy.float64",
      "value": 1.495049504950495
    },
    {
      "dtype": "float64",
      "py/object": "numpy.float64",
      "value": 1.4944794952681388
    },
    {
      "dtype": "float64",
      "py/object": "numpy.float64",
      "value": 1.4701612903225807
    },
    {
      "dtype": "float64",
      "py/object": "numpy.float64",
      "value": 1.5057565789473684
    },
    {
      "dtype": "float64",
      "py/object": "numpy.float64",
      "value": 1.5008333333333332
    },
    {
      "dtype": "float64",
      "py/object": "numpy.float64",
      "value": 1.4933554817275747
    },
    {
      "dtype": "float64",
      "py/object": "numpy.float64",
      "value": 1.4816666666666667
    }
  ],
  "metric_AverageCooperationLevelMetric_T": [
    19,
    10032,
    20046,
    30083,
    40083,
    50094,
    60094
  ],
  "metric_AverageFoodPerAgentMetric": [
    {
      "dtype": "float64",
      "py/object": "numpy.float64",
      "value": 1.0173267326732673
    },
    {
      "dtype": "float64",
      "py/object": "numpy.float64",
      "value": 0.9083069865690958
    },
    {
      "dtype": "float64",
      "py/object": "numpy.float64",
      "value": 0.8760035553342527
    },
    {
      "dtype": "float64",
      "py/object": "numpy.float64",
      "value": 0.9979111842105265
    },
    {
      "dtype": "float64",
      "py/object": "numpy.float64",
      "value": 0.9854333333333333
    },
    {
      "dtype": "float64",
      "py/object": "numpy.float64",
      "value": 0.9751238296587134
    },
    {
      "dtype": "float64",
      "py/object": "numpy.float64",
      "value": 0.9736166666666665
    }
  ],
  "metric_AverageFoodPerAgentMetric_T": [
    19,
    10032,
    20046,
    30083,
    40083,
    50094,
    60094
  ],
  "metric_EfficiencyMetric": [
    {
      "dtype": "float64",
      "py/object": "numpy.float64",
      "value": 0.3676244397029289
    },
    {
      "dtype": "float64",
      "py/object": "numpy.float64",
      "value": 0.3649119165355449
    },
    {
      "dtype": "float64",
      "py/object": "numpy.float64",
      "value": 0.3439995327745365
    },
    {
      "dtype": "float64",
      "py/object": "numpy.float64",
      "value": 0.3746901001433278
    },
    {
      "dtype": "float64",
      "py/object": "numpy.float64",
      "value": 0.36108645404309586
    },
    {
      "dtype": "float64",
      "py/object": "numpy.float64",
      "value": 0.355604877080304
    },
    {
      "dtype": "float64",
      "py/object": "numpy.float64",
      "value": 0.3533187156921719
    }
  ],
  "metric_EfficiencyMetric_T": [
    19,
    10032,
    20046,
    30083,
    40083,
    50094,
    60094
  ],
  "metric_FoodLeftUncollectedMetric": [
    {
      "dtype": "float64",
      "py/object": "numpy.float64",
      "value": 4.069306930693069
    },
    {
      "dtype": "float64",
      "py/object": "numpy.float64",
      "value": 3.6332279462763832
    },
    {
      "dtype": "float64",
      "py/object": "numpy.float64",
      "value": 3.5040142213370107
    },
    {
      "dtype": "float64",
      "py/object": "numpy.float64",
      "value": 3.991644736842106
    },
    {
      "dtype": "float64",
      "py/object": "numpy.float64",
      "value": 3.941733333333333
    },
    {
      "dtype": "float64",
      "py/object": "numpy.float64",
      "value": 3.9004953186348534
    },
    {
      "dtype": "float64",
      "py/object": "numpy.float64",
      "value": 3.894466666666666
    }
  ],
  "metric_FoodLeftUncollectedMetric_T": [
    19,
    10032,
    20046,
    30083,
    40083,
    50094,
    60094
  ],
  "metric_HighestLevelFoodCollectedMetric": [
    {
      "dtype": "float64",
      "py/object": "numpy.float64",
      "value": 2.464825429911412
    },
    {
      "dtype": "float64",
      "py/object": "numpy.float64",
      "value": 2.423455827885722
    },
    {
      "dtype": "float64",
      "py/object": "numpy.float64",
      "value": 2.3205109139936324
    },
    {
      "dtype": "float64",
      "py/object": "numpy.float64",
      "value": 2.5327353540100255
    },
    {
      "dtype": "float64",
      "py/object": "numpy.float64",
      "value": 2.5033333333333334
    },
    {
      "dtype": "float64",
      "py/object": "numpy.float64",
      "value": 2.4260767139836905
    },
    {
      "dtype": "float64",
      "py/object": "numpy.float64",
      "value": 2.4173333333333336
    }
  ],
  "metric_HighestLevelFoodCollectedMetric_T": [
    19,
    10032,
    20046,
    30083,
    40083,
    50094,
    60094
  ],
  "metric_StepsTakenMetric": [
    0.9900990099009901,
    0.31545741324921134,
    0.3225806451612903,
    0.32894736842105265,
    0.3333333333333333,
    0.33222591362126247,
    0.3333333333333333
  ],
  "metric_StepsTakenMetric_T": [
    19,
    10032,
    20046,
    30083,
    40083,
    50094,
    60094
  ],
  "metric_TotalFoodCollectedMetric": [
    {
      "dtype": "float64",
      "py/object": "numpy.float64",
      "value": 4.069306930693069
    },
    {
      "dtype": "float64",