{
  "custom_coop_summed_mean": [
    0.0,
    0.0,
    0.0,
    0.0,
    0.0
  ],
  "custom_coop_summed_mean_T": [
    50,
    50087,
    100115,
    150138,
    200146
  ],
  "episode": [
    1135,
    2152,
    3166,
    4188
  ],
  "episode_T": [
    50037,
    100065,
    150088,
    200096
  ],
  "epsilon": [
    1.0,
    0.81,
    0.619316,
    0.429088,
    0.2383280000000001,
    0.05,
    0.05,
    0.05,
    0.05,
    0.05,
    0.05,
    0.05,
    0.05,
    0.05,
    0.05,
    0.05,
    0.05,
    0.05,
    0.05,
    0.05,
    0.05,
    0.05,
    0.05,
    0.05,
    0.05
  ],
  "epsilon_T": [
    50,
    10050,
    20086,
    30098,
    40138,
    50187,
    60213,
    70229,
    80259,
    90299,
    100315,
    110328,
    120362,
    130388,
    140395,
    150438,
    160475,
    170487,
    180521,
    190528,
    200546,
    210574,
    220575,
    230598,
    240603
  ],
  "grad_norm": [
    1358.935791015625,
    136.5460205078125,
    101.85304260253906,
    50.44707107543945,
    71.6551742553711,
    25.862295150756836,
    27.04328155517578,
    111.09033203125,
    141.07420349121094,
    17.3558406829834,
    36.89611053466797,
    31.18120765686035,
    44.35969161987305,
    24.07919692993164,
    31.925703048706055,
    47.498268127441406,
    46.02886962890625,
    64.50140380859375,
    40.63754653930664,
    50.60085678100586,
    51.724334716796875,
    137.65635681152344,
    235.3993682861328,
    107.54570007324219,
    102.87413024902344
  ],
  "grad_norm_T": [
    1419,
    11451,
    21498,
    31498,
    41516,
    51537,
    61583,
    71629,
    81678,
    91712,
    101715,
    111745,
    121782,
    131794,
    141795,
    151802,
    161810,
    171837,
    181882,
    191884,
    201896,
    211924,
    221940,
    231974,
    242003
  ],
  "loss": [
    67.16307067871094,
    7.540510654449463,
    13.147695541381836,
    13.458669662475586,
    16.71327781677246,
    17.3787841796875,
    16.63216209411621,
    17.73810386657715,
    17.534032821655273,
    17.23988151550293,
    16.533288955688477,
    15.62993335723877,
    16.61455535888672,
    14.885613441467285,
    13.22319221496582,
    13.970093727111816,
    13.098299026489258,
    13.984514236450195,
    13.12060260772705,
    13.245955467224121,
    17.394502639770508,
    19.5301456451416,
    31.646888732910156,
    22.90509033203125,
    33.40998840332031
  ],
  "loss_T": [
    1419,
    11451,
    21498,
    31498,
    41516,
    51537,
    61583,
    71629,
    81678,
    91712,
    101715,
    111745,
    121782,
    131794,
    141795,
    151802,
    161810,
    171837,
    181882,
    191884,
    201896,
    211924,
    221940,
    231974,
    242003
  ],
  "meta_learner_loss_mean": [
    0.0,
    0.0006508845617674878,
    0.00131270478619582,
    0.011944836597252774,
    NaN
  ],
  "meta_learner_loss_mean_T": [
    50,
    50087,
    100115,
    150138,
    200146
  ],
  "q_taken_mean": [
    6.951467803030303,
    8.072711965622537,
    10.721725379163363,
    11.503123657133308,
    13.47626257117928,
    13.54192741549745,
    13.587957363580893,
    14.09952683070546,
    14.271054610756385,
    14.13469913009012,
    14.31334257679181,
    13.530170153182395,
    13.844616851595006,
    13.405111124227336,
    13.151127536461637,
    13.064143345019342,
    12.250092946141478,
    12.098680689640698,
    11.778095900410353,
    11.804462188107582,
    13.122676726310484,
    13.104844970703125,
    16.815550537109374,
    15.162411990443166,
    16.763104248046876
  ],
  "q_taken_mean_T": [
    1419,
    11451,
    21498,
    31498,
    41516,
    51537,
    61583,
    71629,
    81678,
    91712,
    101715,
    111745,
    121782,
    131794,
    141795,
    151802,
    161810,
    171837,
    181882,
    191884,
    201896,
    211924,
    221940,
    231974,
    242003
  ],
  "target_max_qvals_mean": [
    10.260202634998238,
    8.655458899724191,
    11.355667005352895,
    12.02717962184874,
    13.816331626561352,
    13.992029306839923,
    14.050600102423292,
    14.864114312418726,
    14.414652146774722,
    14.640874029956608,
    14.842267491467577,
    13.922503364471185,
    14.206902576716367,
    13.816891848385989,
    13.621249801838935,
    13.350067748629916,
    12.501879019292604,
    12.6157813549362,
    12.278618706597221,
    12.437005073314971,
    13.583682480678764,
    13.655372314453125,
    16.511785888671874,
    15.33877864935724,
    17.113133544921876
  ],
  "target_max_qvals_mean_T": [
    1419,
    11451,
    21498,
    31498,
    41516,
    51537,
    61583,
    71629,
    81678,
    91712,
    101715,
    111745,
    121782,
    131794,
    141795,
    151802,
    161810,
    171837,
    181882,
    191884,
    201896,
    211924,
    221940,
    231974,
    242003
  ],
  "target_mean": [
    9.970990794573643,
    8.36980244040583,
    10.951305077815226,
    11.622406775210084,
    13.368283890521676,
    13.52220309510523,
    13.590004467398884,
    14.386974002356958,
    13.943969486738704,
    14.160924201018023,
    14.378650277303754,
    13.516466117796073,
    13.753982099514563,
    13.369859632554945,
    13.200380469245403,
    12.911735372340425,
    12.083539740755628,
    12.200543569509739,
    11.9417145083649,
    12.02688932882372,
    13.34854224420363,
    13.2639501953125,
    16.409891357421873,
    15.090113328822733,
    16.945877685546876
  ],
  "target_mean_T": [
    1419,
    11451,
    21498,
    31498,
    41516,
    51537,
    61583,
    71629,
    81678,
    91712,
    101715,
    111745,
    121782,
    131794,
    141795,
    151802,
    161810,
    171837,
    181882,
    191884,
    201896,
    211924,
    221940,
    231974,
    242003
  ],
  "td_error_abs": [
    6.587011787570472,
    1.474050006310333,
    1.6463407173126487,
    1.5364483861726508,
    1.451378883288942,
    1.4908517331493145,
    1.404087635928783,
    1.8027772345375488,
    1.1530213321668303,
    1.3010096632749917,
    1.5119275610601537,
    1.2859875496012112,
    1.3009733287372138,
    1.2595540979406337,
    1.3133912603539157,
    1.044521978637774,
    1.1126592801698152,
    1.6032783708130456,
    1.4229455813012941,
    1.4226411237240766,
    1.764253185641381,
    1.5753965759277344,
    1.6346722412109376,
    1.5075270635994586,
    2.0881442260742187
  ],
  "td_error_abs_T": [
    1419,
    11451,
    21498,
    31498,
    41516,
    51537,
    61583,
    71629,
    81678,
    91712,
    101715,
    111745,
    121782,
    131794,
    141795,
    151802,
    161810,
    171837,
    181882,
    191884,
    201896,
    211924,
    221940,
    231974,
    242003
  ],
  "test_ep_length_mean": [
    50.0,
    50.0,
    50.0,
    50.0,
    50.0
  ],
  "test_ep_length_mean_T": [
    50,
    50087,
    100115,
    150138,
    200146
  ],
  "test_only_built_in_return_mean": [
    {
      "dtype": "float64",
      "py/object": "numpy.float64",
      "value": 0.0
    },
    {
      "dtype": "float64",
      "py/object": "numpy.float64",
      "value": 0.0
    },
    {
      "dtype": "float64",
      "py/object": "numpy.float64",
      "value": 0.0
    },
    {
      "dtype": "float64",
      "py/object": "numpy.float64",
      "value": 0.0
    },
    {
      "dtype": "float64",
      "py/object": "numpy.float64",
      "value": 0.0
    }
  ],
  "test_only_built_in_return_mean_T": [
    50,
    50087,
    100115,
    150138,
    200146
  ],
  "test_only_built_in_return_std": [
    {
      "dtype": "float64",
      "py/object": "numpy.float64",
      "value": 0.0
    },
    {
      "dtype": "float64",
      "py/object": "numpy.float64",
      "value": 0.0
    },
    {
      "dtype": "float64",
      "py/object": "numpy.float64",
      "value": 0.0
    },
    {
      "dtype": "float64",
      "py/object": "numpy.float64",
      "value": 0.0
    },
    {
      "dtype": "float64",
      "py/object": "numpy.float64",
      "value": 0.0
    }
  ],